path,label
BON-dataset\Barcelona\Barcelona_2\2_8_write.MP4,17
BON-dataset\Barcelona\Barcelona_11\11_6_paper.MP4,7
BON-dataset\Barcelona\Barcelona_8\8_15_machine.MP4,4
BON-dataset\Barcelona\Barcelona_5\5_2_read.MP4,9
BON-dataset\Barcelona\Barcelona_6\6_26_walk.MP4,14
BON-dataset\Barcelona\Barcelona_7\7_26_whiteboard.MP4,16
BON-dataset\Barcelona\Barcelona_7\7_20_walk.MP4,14
BON-dataset\Barcelona\Barcelona_7\7_7_walk.MP4,14
BON-dataset\Barcelona\Barcelona_9\9_10_microwave.MP4,5
BON-dataset\Barcelona\Barcelona_3\3_27_whiteboard.MP4,16
BON-dataset\Barcelona\Barcelona_4\4_3_chat.MP4,0
BON-dataset\Barcelona\Barcelona_7\7_21_wash.MP4,15
BON-dataset\Barcelona\Barcelona_2\2_15_dryer.MP4,3
BON-dataset\Barcelona\Barcelona_3\3_7_paper.MP4,7
BON-dataset\Barcelona\Barcelona_4\4_5_print.MP4,8
BON-dataset\Barcelona\Barcelona_5\5_1_typeset.MP4,13
BON-dataset\Barcelona\Barcelona_1\1_25_chat.MP4,0
BON-dataset\Barcelona\Barcelona_8\8_14_microwave.MP4,5
BON-dataset\Barcelona\Barcelona_12\12_14_walk.MP4,14
BON-dataset\Barcelona\Barcelona_5\5_17_take.MP4,12
BON-dataset\Barcelona\Barcelona_2\2_7_paper.MP4,7
BON-dataset\Barcelona\Barcelona_1\1_3_walk.MP4,14
BON-dataset\Barcelona\Barcelona_9\9_16_take.MP4,12
BON-dataset\Barcelona\Barcelona_1\1_10_walk.MP4,14
BON-dataset\Barcelona\Barcelona_5\5_25_whiteboard.MP4,16
BON-dataset\Barcelona\Barcelona_2\2_17_chat.MP4,0
BON-dataset\Barcelona\Barcelona_10\10_19_take.MP4,12
BON-dataset\Barcelona\Barcelona_5\5_9_walk.MP4,14
BON-dataset\Barcelona\Barcelona_1\1_23_chat.MP4,0
BON-dataset\Barcelona\Barcelona_11\11_5_walk.MP4,14
BON-dataset\Barcelona\Barcelona_12\12_3_paper.MP4,7
BON-dataset\Barcelona\Barcelona_8\8_1_typeset.MP4,13
BON-dataset\Barcelona\Barcelona_11\11_4_print.MP4,8
BON-dataset\Barcelona\Barcelona_8\8_34_whiteboard.MP4,16
BON-dataset\Barcelona\Barcelona_10\10_16_dryer.MP4,3
BON-dataset\Barcelona\Barcelona_5\5_27_whiteboard.MP4,16
BON-dataset\Barcelona\Barcelona_8\8_32_whiteboard.MP4,16
BON-dataset\Barcelona\Barcelona_12\12_12_walk.MP4,14
BON-dataset\Barcelona\Barcelona_8\8_28_whiteboard.MP4,16
BON-dataset\Barcelona\Barcelona_3\3_20_chat.MP4,0
BON-dataset\Barcelona\Barcelona_3\3_15_walk.MP4,14
BON-dataset\Barcelona\Barcelona_1\1_6_walk.MP4,14
BON-dataset\Barcelona\Barcelona_8\8_10_paper.MP4,7
BON-dataset\Barcelona\Barcelona_7\7_25_whiteboard.MP4,16
BON-dataset\Barcelona\Barcelona_2\2_18_machine.MP4,4
BON-dataset\Barcelona\Barcelona_9\9_4_staple.MP4,11
BON-dataset\Barcelona\Barcelona_6\6_4_print.MP4,8
BON-dataset\Barcelona\Barcelona_11\11_15_walk.MP4,14
BON-dataset\Barcelona\Barcelona_6\6_5_staple.MP4,11
BON-dataset\Barcelona\Barcelona_12\12_4_paper.MP4,7
BON-dataset\Barcelona\Barcelona_1\1_20_drink.MP4,2
BON-dataset\Barcelona\Barcelona_5\5_21_shake.MP4,10
BON-dataset\Barcelona\Barcelona_7\7_2_typeset.MP4,13
BON-dataset\Barcelona\Barcelona_3\3_4_print.MP4,8
BON-dataset\Barcelona\Barcelona_9\9_12_wash.MP4,15
BON-dataset\Barcelona\Barcelona_7\7_4_walk.MP4,14
BON-dataset\Barcelona\Barcelona_4\4_12_chat.MP4,0
BON-dataset\Barcelona\Barcelona_12\12_2_read.MP4,9
BON-dataset\Barcelona\Barcelona_11\11_24_walk.MP4,14
BON-dataset\Barcelona\Barcelona_11\11_13_wash.MP4,15
BON-dataset\Barcelona\Barcelona_11\11_20_walk.MP4,14
BON-dataset\Barcelona\Barcelona_2\2_16_walk.MP4,14
BON-dataset\Barcelona\Barcelona_3\3_8_write.MP4,17
BON-dataset\Barcelona\Barcelona_4\4_16_walk.MP4,14
BON-dataset\Barcelona\Barcelona_1\1_13_wash.MP4,15
BON-dataset\Barcelona\Barcelona_1\1_4_print.MP4,8
BON-dataset\Barcelona\Barcelona_12\12_5_paper.MP4,7
BON-dataset\Barcelona\Barcelona_8\8_23_walk.MP4,14
BON-dataset\Barcelona\Barcelona_4\4_6_staple.MP4,11
BON-dataset\Barcelona\Barcelona_4\4_8_paper.MP4,7
BON-dataset\Barcelona\Barcelona_5\5_18_drink.MP4,2
BON-dataset\Barcelona\Barcelona_10\10_10_walk.MP4,14
BON-dataset\Barcelona\Barcelona_8\8_9_walk.MP4,14
BON-dataset\Barcelona\Barcelona_10\10_4_print.MP4,8
BON-dataset\Barcelona\Barcelona_4\4_10_walk.MP4,14
BON-dataset\Barcelona\Barcelona_7\7_8_paper.MP4,7
BON-dataset\Barcelona\Barcelona_6\6_13_wash.MP4,15
BON-dataset\Barcelona\Barcelona_7\7_24_whiteboard.MP4,16
BON-dataset\Barcelona\Barcelona_11\11_7_paper.MP4,7
BON-dataset\Barcelona\Barcelona_10\10_23_shake.MP4,10
BON-dataset\Barcelona\Barcelona_3\3_9_mobile.MP4,6
BON-dataset\Barcelona\Barcelona_12\12_10_whiteboard.MP4,16
BON-dataset\Barcelona\Barcelona_3\3_21_shake.MP4,10
BON-dataset\Barcelona\Barcelona_2\2_4_print.MP4,8
BON-dataset\Barcelona\Barcelona_5\5_28_whiteboard.MP4,16
BON-dataset\Barcelona\Barcelona_9\9_18_drink.MP4,2
BON-dataset\Barcelona\Barcelona_10\10_2_read.MP4,9
BON-dataset\Barcelona\Barcelona_3\3_18_take.MP4,12
BON-dataset\Barcelona\Barcelona_12\12_22_chat.MP4,0
BON-dataset\Barcelona\Barcelona_11\11_21_chat.MP4,0
BON-dataset\Barcelona\Barcelona_3\3_16_chat.MP4,0
BON-dataset\Barcelona\Barcelona_2\2_27_clean.MP4,1
BON-dataset\Barcelona\Barcelona_12\12_17_microwave.MP4,5
BON-dataset\Barcelona\Barcelona_5\5_3_walk.MP4,14
BON-dataset\Barcelona\Barcelona_8\8_2_read.MP4,9
BON-dataset\Barcelona\Barcelona_2\2_19_take.MP4,12
BON-dataset\Barcelona\Barcelona_4\4_1_typeset.MP4,13
BON-dataset\Barcelona\Barcelona_11\11_11_walk.MP4,14
BON-dataset\Barcelona\Barcelona_4\4_23_shake.MP4,10
BON-dataset\Barcelona\Barcelona_2\2_24_walk.MP4,14
BON-dataset\Barcelona\Barcelona_4\4_13_walk.MP4,14
BON-dataset\Barcelona\Barcelona_9\9_21_clean.MP4,1
BON-dataset\Barcelona\Barcelona_8\8_33_whiteboard.MP4,16
BON-dataset\Barcelona\Barcelona_2\2_13_walk.MP4,14
BON-dataset\Barcelona\Barcelona_11\11_27_clean.MP4,1
BON-dataset\Barcelona\Barcelona_1\1_11_microwave.MP4,5
BON-dataset\Barcelona\Barcelona_5\5_14_dryer.MP4,3
BON-dataset\Barcelona\Barcelona_3\3_12_microwave.MP4,5
BON-dataset\Barcelona\Barcelona_4\4_17_walk.MP4,14
BON-dataset\Barcelona\Barcelona_3\3_17_machine.MP4,4
BON-dataset\Barcelona\Barcelona_6\6_2_read.MP4,9
BON-dataset\Barcelona\Barcelona_3\3_2_read.MP4,9
BON-dataset\Barcelona\Barcelona_5\5_31_whiteboard.MP4,16
BON-dataset\Barcelona\Barcelona_4\4_14_wash.MP4,15
BON-dataset\Barcelona\Barcelona_8\8_12_mobile.MP4,6
BON-dataset\Barcelona\Barcelona_8\8_19_shake.MP4,10
BON-dataset\Barcelona\Barcelona_1\1_21_chat.MP4,0
BON-dataset\Barcelona\Barcelona_8\8_29_whiteboard.MP4,16
BON-dataset\Barcelona\Barcelona_10\10_5_staple.MP4,11
BON-dataset\Barcelona\Barcelona_4\4_28_walk.MP4,14
BON-dataset\Barcelona\Barcelona_11\11_9_microwave.MP4,5
BON-dataset\Barcelona\Barcelona_8\8_11_write.MP4,17
BON-dataset\Barcelona\Barcelona_5\5_26_whiteboard.MP4,16
BON-dataset\Barcelona\Barcelona_12\12_26_shake.MP4,10
BON-dataset\Barcelona\Barcelona_6\6_23_walk.MP4,14
BON-dataset\Barcelona\Barcelona_3\3_22_shake.MP4,10
BON-dataset\Barcelona\Barcelona_11\11_3_walk.MP4,14
BON-dataset\Barcelona\Barcelona_4\4_22_chat.MP4,0
BON-dataset\Barcelona\Barcelona_10\10_8_paper.MP4,7
BON-dataset\Barcelona\Barcelona_6\6_8_write.MP4,17
BON-dataset\Barcelona\Barcelona_2\2_10_walk.MP4,14
BON-dataset\Barcelona\Barcelona_7\7_23_walk.MP4,14
BON-dataset\Barcelona\Barcelona_9\9_14_walk.MP4,14
BON-dataset\Barcelona\Barcelona_11\11_1_typeset.MP4,13
BON-dataset\Barcelona\Barcelona_12\12_8_mobile.MP4,6
BON-dataset\Barcelona\Barcelona_2\2_25_whiteboard.MP4,16
BON-dataset\Barcelona\Barcelona_10\10_24_walk.MP4,14
BON-dataset\Barcelona\Barcelona_1\1_29_walk.MP4,14
BON-dataset\Barcelona\Barcelona_6\6_9_mobile.MP4,6
BON-dataset\Barcelona\Barcelona_11\11_2_read.MP4,9
BON-dataset\Barcelona\Barcelona_8\8_4_read.MP4,9
BON-dataset\Barcelona\Barcelona_4\4_9_write.MP4,17
BON-dataset\Barcelona\Barcelona_10\10_7_walk.MP4,14
BON-dataset\Barcelona\Barcelona_3\3_10_walk.MP4,14
BON-dataset\Barcelona\Barcelona_11\11_26_whiteboard.MP4,16
BON-dataset\Barcelona\Barcelona_2\2_9_mobile.MP4,6
BON-dataset\Barcelona\Barcelona_8\8_26_clean.MP4,1
BON-dataset\Barcelona\Barcelona_6\6_15_dryer.MP4,3
BON-dataset\Barcelona\Barcelona_7\7_16_microwave.MP4,5
BON-dataset\Barcelona\Barcelona_10\10_21_walk.MP4,14
BON-dataset\Barcelona\Barcelona_2\2_11_microwave.MP4,5
BON-dataset\Barcelona\Barcelona_11\11_22_chat.MP4,0
BON-dataset\Barcelona\Barcelona_6\6_10_walk.MP4,14
BON-dataset\Barcelona\Barcelona_12\12_24_walk.MP4,14
BON-dataset\Barcelona\Barcelona_5\5_16_machine.MP4,4
BON-dataset\Barcelona\Barcelona_10\10_9_write.MP4,17
BON-dataset\Barcelona\Barcelona_3\3_19_drink.MP4,2
BON-dataset\Barcelona\Barcelona_4\4_15_dryer.MP4,3
BON-dataset\Barcelona\Barcelona_9\9_15_machine.MP4,4
BON-dataset\Barcelona\Barcelona_4\4_7_walk.MP4,14
BON-dataset\Barcelona\Barcelona_4\4_25_walk.MP4,14
BON-dataset\Barcelona\Barcelona_11\11_12_wash.MP4,15
BON-dataset\Barcelona\Barcelona_1\1_1_typeset.MP4,13
BON-dataset\Barcelona\Barcelona_8\8_5_walk.MP4,14
BON-dataset\Barcelona\Barcelona_9\9_1_typeset.MP4,13
BON-dataset\Barcelona\Barcelona_3\3_23_walk.MP4,14
BON-dataset\Barcelona\Barcelona_9\9_3_print.MP4,8
BON-dataset\Barcelona\Barcelona_12\12_20_drink.MP4,2
BON-dataset\Barcelona\Barcelona_3\3_5_staple.MP4,11
BON-dataset\Barcelona\Barcelona_11\11_8_write.MP4,17
BON-dataset\Barcelona\Barcelona_9\9_23_shake.MP4,10
BON-dataset\Barcelona\Barcelona_5\5_6_walk.MP4,14
BON-dataset\Barcelona\Barcelona_11\11_10_microwave.MP4,5
BON-dataset\Barcelona\Barcelona_5\5_10_microwave.MP4,5
BON-dataset\Barcelona\Barcelona_7\7_27_clean.MP4,1
BON-dataset\Barcelona\Barcelona_3\3_26_clean.MP4,1
BON-dataset\Barcelona\Barcelona_9\9_7_write.MP4,17
BON-dataset\Barcelona\Barcelona_1\1_9_mobile.MP4,6
BON-dataset\Barcelona\Barcelona_3\3_3_walk.MP4,14
BON-dataset\Barcelona\Barcelona_12\12_13_walk.MP4,14
BON-dataset\Barcelona\Barcelona_6\6_18_take.MP4,12
BON-dataset\Barcelona\Barcelona_2\2_14_wash.MP4,15
BON-dataset\Barcelona\Barcelona_7\7_3_read.MP4,9
BON-dataset\Barcelona\Barcelona_5\5_15_walk.MP4,14
BON-dataset\Barcelona\Barcelona_1\1_14_wash.MP4,15
BON-dataset\Barcelona\Barcelona_1\1_2_read.MP4,9
BON-dataset\Barcelona\Barcelona_12\12_11_clean.MP4,1
BON-dataset\Barcelona\Barcelona_1\1_15_dryer.MP4,3
BON-dataset\Barcelona\Barcelona_10\10_1_typeset.MP4,13
BON-dataset\Barcelona\Barcelona_7\7_12_shake.MP4,10
BON-dataset\Barcelona\Barcelona_3\3_11_chat.MP4,0
BON-dataset\Barcelona\Barcelona_7\7_18_take.MP4,12
BON-dataset\Barcelona\Barcelona_4\4_18_machine.MP4,4
BON-dataset\Barcelona\Barcelona_1\1_30_whiteboard.MP4,16
BON-dataset\Barcelona\Barcelona_12\12_25_walk.MP4,14
BON-dataset\Barcelona\Barcelona_3\3_28_clean.MP4,1
BON-dataset\Barcelona\Barcelona_7\7_17_machine.MP4,4
BON-dataset\Barcelona\Barcelona_1\1_31_whiteboard.MP4,16
BON-dataset\Barcelona\Barcelona_9\9_13_dryer.MP4,3
BON-dataset\Barcelona\Barcelona_9\9_22_chat.MP4,0
BON-dataset\Barcelona\Barcelona_4\4_4_walk.MP4,14
BON-dataset\Barcelona\Barcelona_6\6_17_machine.MP4,4
BON-dataset\Barcelona\Barcelona_12\12_16_microwave.MP4,5
BON-dataset\Barcelona\Barcelona_5\5_12_wash.MP4,15
BON-dataset\Barcelona\Barcelona_6\6_14_wash.MP4,15
BON-dataset\Barcelona\Barcelona_8\8_8_staple.MP4,11
BON-dataset\Barcelona\Barcelona_8\8_17_drink.MP4,2
BON-dataset\Barcelona\Barcelona_8\8_3_read.MP4,9
BON-dataset\Barcelona\Barcelona_7\7_19_drink.MP4,2
BON-dataset\Barcelona\Barcelona_5\5_32_clean.MP4,1
BON-dataset\Barcelona\Barcelona_6\6_27_whiteboard.MP4,16
BON-dataset\Barcelona\Barcelona_11\11_18_drink.MP4,2
BON-dataset\Barcelona\Barcelona_5\5_20_chat.MP4,0
BON-dataset\Barcelona\Barcelona_6\6_12_walk.MP4,14
BON-dataset\Barcelona\Barcelona_10\10_12_microwave.MP4,5
BON-dataset\Barcelona\Barcelona_7\7_6_staple.MP4,11
BON-dataset\Barcelona\Barcelona_11\11_14_dryer.MP4,3
BON-dataset\Barcelona\Barcelona_11\11_19_walk.MP4,14
BON-dataset\Barcelona\Barcelona_4\4_27_clean.MP4,1
BON-dataset\Barcelona\Barcelona_1\1_18_take.MP4,12
BON-dataset\Barcelona\Barcelona_10\10_26_whiteboard.MP4,16
BON-dataset\Barcelona\Barcelona_2\2_5_staple.MP4,11
BON-dataset\Barcelona\Barcelona_6\6_6_walk.MP4,14
BON-dataset\Barcelona\Barcelona_5\5_29_whiteboard.MP4,16
BON-dataset\Barcelona\Barcelona_2\2_6_walk.MP4,14
BON-dataset\Barcelona\Barcelona_10\10_20_drink.MP4,2
BON-dataset\Barcelona\Barcelona_6\6_1_typeset.MP4,13
BON-dataset\Barcelona\Barcelona_10\10_14_walk.MP4,14
