path,label
BON-dataset\Nairobi\Nairobi_1\0chat.MP4,0
BON-dataset\Nairobi\Nairobi_1\0clean.MP4,1
BON-dataset\Nairobi\Nairobi_1\0drink.MP4,2
BON-dataset\Nairobi\Nairobi_1\0dry.MP4,3
BON-dataset\Nairobi\Nairobi_1\0machine.MP4,4
BON-dataset\Nairobi\Nairobi_1\0machine_take.MP4,4
BON-dataset\Nairobi\Nairobi_1\0microwave.MP4,5
BON-dataset\Nairobi\Nairobi_1\0mobile.MP4,6
BON-dataset\Nairobi\Nairobi_1\0paper.MP4,7
BON-dataset\Nairobi\Nairobi_1\0print.MP4,8
BON-dataset\Nairobi\Nairobi_1\0read.MP4,9
BON-dataset\Nairobi\Nairobi_1\0shake.MP4,10
BON-dataset\Nairobi\Nairobi_1\0staple.MP4,11
BON-dataset\Nairobi\Nairobi_1\0take.MP4,12
BON-dataset\Nairobi\Nairobi_1\0typeset.MP4,13
BON-dataset\Nairobi\Nairobi_1\0walk.MP4,14
BON-dataset\Nairobi\Nairobi_1\0wash.MP4,15
BON-dataset\Nairobi\Nairobi_1\0whiteboard.MP4,16
BON-dataset\Nairobi\Nairobi_1\0write.MP4,17
BON-dataset\Nairobi\Nairobi_1\10typeset.MP4,13
BON-dataset\Nairobi\Nairobi_1\10walk.MP4,14
BON-dataset\Nairobi\Nairobi_1\10whiteboard.MP4,16
BON-dataset\Nairobi\Nairobi_1\11typeset.MP4,13
BON-dataset\Nairobi\Nairobi_1\11whiteboard.MP4,16
BON-dataset\Nairobi\Nairobi_1\12typeset.MP4,13
BON-dataset\Nairobi\Nairobi_1\12whiteboard.MP4,16
BON-dataset\Nairobi\Nairobi_1\13whiteboard.MP4,16
BON-dataset\Nairobi\Nairobi_1\14whiteboard.MP4,16
BON-dataset\Nairobi\Nairobi_1\1chat.MP4,0
BON-dataset\Nairobi\Nairobi_1\1clean.MP4,1
BON-dataset\Nairobi\Nairobi_1\1drink.MP4,2
BON-dataset\Nairobi\Nairobi_1\1dry.MP4,3
BON-dataset\Nairobi\Nairobi_1\1machine.MP4,4
BON-dataset\Nairobi\Nairobi_1\1machine_take.MP4,4
BON-dataset\Nairobi\Nairobi_1\1microwave.MP4,5
BON-dataset\Nairobi\Nairobi_1\1mobile.MP4,6
BON-dataset\Nairobi\Nairobi_1\1paper.MP4,7
BON-dataset\Nairobi\Nairobi_1\1print.MP4,8
BON-dataset\Nairobi\Nairobi_1\1read.MP4,9
BON-dataset\Nairobi\Nairobi_1\1shake.MP4,10
BON-dataset\Nairobi\Nairobi_1\1staple.MP4,11
BON-dataset\Nairobi\Nairobi_1\1take.MP4,12
BON-dataset\Nairobi\Nairobi_1\1typeset.MP4,13
BON-dataset\Nairobi\Nairobi_1\1walk.MP4,14
BON-dataset\Nairobi\Nairobi_1\1wash.MP4,15
BON-dataset\Nairobi\Nairobi_1\1whiteboard.MP4,16
BON-dataset\Nairobi\Nairobi_1\1write.MP4,17
BON-dataset\Nairobi\Nairobi_1\2chat.MP4,0
BON-dataset\Nairobi\Nairobi_1\2clean.MP4,1
BON-dataset\Nairobi\Nairobi_1\2drink.MP4,2
BON-dataset\Nairobi\Nairobi_1\2dry.MP4,3
BON-dataset\Nairobi\Nairobi_1\2machine.MP4,4
BON-dataset\Nairobi\Nairobi_1\2machine_take.MP4,4
BON-dataset\Nairobi\Nairobi_1\2microwave.MP4,5
BON-dataset\Nairobi\Nairobi_1\2mobile.MP4,6
BON-dataset\Nairobi\Nairobi_1\2paper.MP4,7
BON-dataset\Nairobi\Nairobi_1\2print.MP4,8
BON-dataset\Nairobi\Nairobi_1\2read.MP4,9
BON-dataset\Nairobi\Nairobi_1\2shake.MP4,10
BON-dataset\Nairobi\Nairobi_1\2staple.MP4,11
BON-dataset\Nairobi\Nairobi_1\2take.MP4,12
BON-dataset\Nairobi\Nairobi_1\2typeset.MP4,13
BON-dataset\Nairobi\Nairobi_1\2walk.MP4,14
BON-dataset\Nairobi\Nairobi_1\2wash.MP4,15
BON-dataset\Nairobi\Nairobi_1\2whiteboard.MP4,16
BON-dataset\Nairobi\Nairobi_1\2write.MP4,17
BON-dataset\Nairobi\Nairobi_1\3chat.MP4,0
BON-dataset\Nairobi\Nairobi_1\3clean.MP4,1
BON-dataset\Nairobi\Nairobi_1\3drink.MP4,2
BON-dataset\Nairobi\Nairobi_1\3dry.MP4,3
BON-dataset\Nairobi\Nairobi_1\3machine.MP4,4
BON-dataset\Nairobi\Nairobi_1\3machine_take.MP4,4
BON-dataset\Nairobi\Nairobi_1\3microwave.MP4,5
BON-dataset\Nairobi\Nairobi_1\3mobile.MP4,6
BON-dataset\Nairobi\Nairobi_1\3paper.MP4,7
BON-dataset\Nairobi\Nairobi_1\3print.MP4,8
BON-dataset\Nairobi\Nairobi_1\3read.MP4,9
BON-dataset\Nairobi\Nairobi_1\3shake.MP4,10
BON-dataset\Nairobi\Nairobi_1\3staple.MP4,11
BON-dataset\Nairobi\Nairobi_1\3take.MP4,12
BON-dataset\Nairobi\Nairobi_1\3typeset.MP4,13
BON-dataset\Nairobi\Nairobi_1\3walk.MP4,14
BON-dataset\Nairobi\Nairobi_1\3wash.MP4,15
BON-dataset\Nairobi\Nairobi_1\3whiteboard.MP4,16
BON-dataset\Nairobi\Nairobi_1\3write.MP4,17
BON-dataset\Nairobi\Nairobi_1\4chat.MP4,0
BON-dataset\Nairobi\Nairobi_1\4clean.MP4,1
BON-dataset\Nairobi\Nairobi_1\4drink.MP4,2
BON-dataset\Nairobi\Nairobi_1\4dry.MP4,3
BON-dataset\Nairobi\Nairobi_1\4machine_take.MP4,4
BON-dataset\Nairobi\Nairobi_1\4microwave.MP4,5
BON-dataset\Nairobi\Nairobi_1\4paper.MP4,7
BON-dataset\Nairobi\Nairobi_1\4print.MP4,8
BON-dataset\Nairobi\Nairobi_1\4read.MP4,9
BON-dataset\Nairobi\Nairobi_1\4typeset.MP4,13
BON-dataset\Nairobi\Nairobi_1\4walk.MP4,14
BON-dataset\Nairobi\Nairobi_1\4wash.MP4,15
BON-dataset\Nairobi\Nairobi_1\4whiteboard.MP4,16
BON-dataset\Nairobi\Nairobi_1\4write.MP4,17
BON-dataset\Nairobi\Nairobi_1\5chat.MP4,0
BON-dataset\Nairobi\Nairobi_1\5drink.MP4,2
BON-dataset\Nairobi\Nairobi_1\5microwave.MP4,5
BON-dataset\Nairobi\Nairobi_1\5paper.MP4,7
BON-dataset\Nairobi\Nairobi_1\5print.MP4,8
BON-dataset\Nairobi\Nairobi_1\5typeset.MP4,13
BON-dataset\Nairobi\Nairobi_1\5walk.MP4,14
BON-dataset\Nairobi\Nairobi_1\5wash.MP4,15
BON-dataset\Nairobi\Nairobi_1\5whiteboard.MP4,16
BON-dataset\Nairobi\Nairobi_1\5write.MP4,17
BON-dataset\Nairobi\Nairobi_1\6chat.MP4,0
BON-dataset\Nairobi\Nairobi_1\6drink.MP4,2
BON-dataset\Nairobi\Nairobi_1\6microwave.MP4,5
BON-dataset\Nairobi\Nairobi_1\6typeset.MP4,13
BON-dataset\Nairobi\Nairobi_1\6walk.MP4,14
BON-dataset\Nairobi\Nairobi_1\6wash.MP4,15
BON-dataset\Nairobi\Nairobi_1\6whiteboard.MP4,16
BON-dataset\Nairobi\Nairobi_1\6write.MP4,17
BON-dataset\Nairobi\Nairobi_1\7chat.MP4,0
BON-dataset\Nairobi\Nairobi_1\7drink.MP4,2
BON-dataset\Nairobi\Nairobi_1\7microwave.MP4,5
BON-dataset\Nairobi\Nairobi_1\7typeset.MP4,13
BON-dataset\Nairobi\Nairobi_1\7walk.MP4,14
BON-dataset\Nairobi\Nairobi_1\7whiteboard.MP4,16
BON-dataset\Nairobi\Nairobi_1\8drink.MP4,2
BON-dataset\Nairobi\Nairobi_1\8microwave.MP4,5
BON-dataset\Nairobi\Nairobi_1\8typeset.MP4,13
BON-dataset\Nairobi\Nairobi_1\8walk.MP4,14
BON-dataset\Nairobi\Nairobi_1\8whiteboard.MP4,16
BON-dataset\Nairobi\Nairobi_1\9drink.MP4,2
BON-dataset\Nairobi\Nairobi_1\9microwave.MP4,5
BON-dataset\Nairobi\Nairobi_1\9typeset.MP4,13
BON-dataset\Nairobi\Nairobi_1\9walk.MP4,14
BON-dataset\Nairobi\Nairobi_1\9whiteboard.MP4,16
BON-dataset\Nairobi\Nairobi_2\0chat.MP4,0
BON-dataset\Nairobi\Nairobi_2\0clean.MP4,1
BON-dataset\Nairobi\Nairobi_2\0drink.MP4,2
BON-dataset\Nairobi\Nairobi_2\0dry.MP4,3
BON-dataset\Nairobi\Nairobi_2\0machine.MP4,4
BON-dataset\Nairobi\Nairobi_2\0microwave.MP4,5
BON-dataset\Nairobi\Nairobi_2\0mobile.MP4,6
BON-dataset\Nairobi\Nairobi_2\0paper.MP4,7
BON-dataset\Nairobi\Nairobi_2\0print.MP4,8
BON-dataset\Nairobi\Nairobi_2\0read.MP4,9
BON-dataset\Nairobi\Nairobi_2\0shake.MP4,10
BON-dataset\Nairobi\Nairobi_2\0staple.MP4,11
BON-dataset\Nairobi\Nairobi_2\0take.MP4,12
BON-dataset\Nairobi\Nairobi_2\0typeset.MP4,13
BON-dataset\Nairobi\Nairobi_2\0walk.MP4,14
BON-dataset\Nairobi\Nairobi_2\0wash.MP4,15
BON-dataset\Nairobi\Nairobi_2\0whiteboard.MP4,16
BON-dataset\Nairobi\Nairobi_2\10mobile.MP4,6
BON-dataset\Nairobi\Nairobi_2\10read.MP4,9
BON-dataset\Nairobi\Nairobi_2\10typeset.MP4,13
BON-dataset\Nairobi\Nairobi_2\10whiteboard.MP4,16
BON-dataset\Nairobi\Nairobi_2\11mobile.MP4,6
BON-dataset\Nairobi\Nairobi_2\11read.MP4,9
BON-dataset\Nairobi\Nairobi_2\11typeset.MP4,13
BON-dataset\Nairobi\Nairobi_2\11whiteboard.MP4,16
BON-dataset\Nairobi\Nairobi_2\12mobile.MP4,6
BON-dataset\Nairobi\Nairobi_2\12read.MP4,9
BON-dataset\Nairobi\Nairobi_2\12typeset.MP4,13
BON-dataset\Nairobi\Nairobi_2\12whiteboard.MP4,16
BON-dataset\Nairobi\Nairobi_2\13mobile.MP4,6
BON-dataset\Nairobi\Nairobi_2\13typeset.MP4,13
BON-dataset\Nairobi\Nairobi_2\14mobile.MP4,6
BON-dataset\Nairobi\Nairobi_2\15mobile.MP4,6
BON-dataset\Nairobi\Nairobi_2\16mobile.MP4,6
BON-dataset\Nairobi\Nairobi_2\1chat.MP4,0
BON-dataset\Nairobi\Nairobi_2\1clean.MP4,1
BON-dataset\Nairobi\Nairobi_2\1drink.MP4,2
BON-dataset\Nairobi\Nairobi_2\1dry.MP4,3
BON-dataset\Nairobi\Nairobi_2\1machine.MP4,4
BON-dataset\Nairobi\Nairobi_2\1microwave.MP4,5
BON-dataset\Nairobi\Nairobi_2\1mobile.MP4,6
BON-dataset\Nairobi\Nairobi_2\1paper.MP4,7
BON-dataset\Nairobi\Nairobi_2\1print.MP4,8
BON-dataset\Nairobi\Nairobi_2\1read.MP4,9
BON-dataset\Nairobi\Nairobi_2\1shake.MP4,10
BON-dataset\Nairobi\Nairobi_2\1staple.MP4,11
BON-dataset\Nairobi\Nairobi_2\1take.MP4,12
BON-dataset\Nairobi\Nairobi_2\1typeset.MP4,13
BON-dataset\Nairobi\Nairobi_2\1walk.MP4,14
BON-dataset\Nairobi\Nairobi_2\1wash.MP4,15
BON-dataset\Nairobi\Nairobi_2\1whiteboard.MP4,16
BON-dataset\Nairobi\Nairobi_2\2chat.MP4,0
BON-dataset\Nairobi\Nairobi_2\2clean.MP4,1
BON-dataset\Nairobi\Nairobi_2\2drink.MP4,2
BON-dataset\Nairobi\Nairobi_2\2dry.MP4,3
BON-dataset\Nairobi\Nairobi_2\2machine.MP4,4
BON-dataset\Nairobi\Nairobi_2\2microwave.MP4,5
BON-dataset\Nairobi\Nairobi_2\2mobile.MP4,6
BON-dataset\Nairobi\Nairobi_2\2paper.MP4,7
BON-dataset\Nairobi\Nairobi_2\2print.MP4,8
BON-dataset\Nairobi\Nairobi_2\2read.MP4,9
BON-dataset\Nairobi\Nairobi_2\2shake.MP4,10
BON-dataset\Nairobi\Nairobi_2\2staple.MP4,11
BON-dataset\Nairobi\Nairobi_2\2take.MP4,12
BON-dataset\Nairobi\Nairobi_2\2typeset.MP4,13
BON-dataset\Nairobi\Nairobi_2\2walk.MP4,14
BON-dataset\Nairobi\Nairobi_2\2wash.MP4,15
BON-dataset\Nairobi\Nairobi_2\2whiteboard.MP4,16
BON-dataset\Nairobi\Nairobi_2\3chat.MP4,0
BON-dataset\Nairobi\Nairobi_2\3clean.MP4,1
BON-dataset\Nairobi\Nairobi_2\3drink.MP4,2
BON-dataset\Nairobi\Nairobi_2\3dry.MP4,3
BON-dataset\Nairobi\Nairobi_2\3machine.MP4,4
BON-dataset\Nairobi\Nairobi_2\3microwave.MP4,5
BON-dataset\Nairobi\Nairobi_2\3mobile.MP4,6
BON-dataset\Nairobi\Nairobi_2\3paper.MP4,7
BON-dataset\Nairobi\Nairobi_2\3print.MP4,8
BON-dataset\Nairobi\Nairobi_2\3read.MP4,9
BON-dataset\Nairobi\Nairobi_2\3staple.MP4,11
BON-dataset\Nairobi\Nairobi_2\3take.MP4,12
BON-dataset\Nairobi\Nairobi_2\3typeset.MP4,13
BON-dataset\Nairobi\Nairobi_2\3walk.MP4,14
BON-dataset\Nairobi\Nairobi_2\3wash.MP4,15
BON-dataset\Nairobi\Nairobi_2\3whiteboard.MP4,16
BON-dataset\Nairobi\Nairobi_2\4chat.MP4,0
BON-dataset\Nairobi\Nairobi_2\4clean.MP4,1
BON-dataset\Nairobi\Nairobi_2\4drink.MP4,2
BON-dataset\Nairobi\Nairobi_2\4dry.MP4,3
BON-dataset\Nairobi\Nairobi_2\4machine.MP4,4
BON-dataset\Nairobi\Nairobi_2\4microwave.MP4,5
BON-dataset\Nairobi\Nairobi_2\4mobile.MP4,6
BON-dataset\Nairobi\Nairobi_2\4paper.MP4,7
BON-dataset\Nairobi\Nairobi_2\4print.MP4,8
BON-dataset\Nairobi\Nairobi_2\4read.MP4,9
BON-dataset\Nairobi\Nairobi_2\4staple.MP4,11
BON-dataset\Nairobi\Nairobi_2\4typeset.MP4,13
BON-dataset\Nairobi\Nairobi_2\4walk.MP4,14
BON-dataset\Nairobi\Nairobi_2\4wash.MP4,15
BON-dataset\Nairobi\Nairobi_2\4whiteboard.MP4,16
BON-dataset\Nairobi\Nairobi_2\5chat.MP4,0
BON-dataset\Nairobi\Nairobi_2\5clean.MP4,1
BON-dataset\Nairobi\Nairobi_2\5drink.MP4,2
BON-dataset\Nairobi\Nairobi_2\5microwave.MP4,5
BON-dataset\Nairobi\Nairobi_2\5mobile.MP4,6
BON-dataset\Nairobi\Nairobi_2\5paper.MP4,7
BON-dataset\Nairobi\Nairobi_2\5print.MP4,8
BON-dataset\Nairobi\Nairobi_2\5read.MP4,9
BON-dataset\Nairobi\Nairobi_2\5typeset.MP4,13
BON-dataset\Nairobi\Nairobi_2\5walk.MP4,14
BON-dataset\Nairobi\Nairobi_2\5wash.MP4,15
BON-dataset\Nairobi\Nairobi_2\5whiteboard.MP4,16
BON-dataset\Nairobi\Nairobi_2\6chat.MP4,0
BON-dataset\Nairobi\Nairobi_2\6clean.MP4,1
BON-dataset\Nairobi\Nairobi_2\6microwave.MP4,5
BON-dataset\Nairobi\Nairobi_2\6mobile.MP4,6
BON-dataset\Nairobi\Nairobi_2\6paper.MP4,7
BON-dataset\Nairobi\Nairobi_2\6print.MP4,8
BON-dataset\Nairobi\Nairobi_2\6read.MP4,9
BON-dataset\Nairobi\Nairobi_2\6typeset.MP4,13
BON-dataset\Nairobi\Nairobi_2\6walk.MP4,14
BON-dataset\Nairobi\Nairobi_2\6wash.MP4,15
BON-dataset\Nairobi\Nairobi_2\6whiteboard.MP4,16
BON-dataset\Nairobi\Nairobi_2\7chat.MP4,0
BON-dataset\Nairobi\Nairobi_2\7microwave.MP4,5
BON-dataset\Nairobi\Nairobi_2\7mobile.MP4,6
BON-dataset\Nairobi\Nairobi_2\7paper.MP4,7
BON-dataset\Nairobi\Nairobi_2\7read.MP4,9
BON-dataset\Nairobi\Nairobi_2\7typeset.MP4,13
BON-dataset\Nairobi\Nairobi_2\7walk.MP4,14
BON-dataset\Nairobi\Nairobi_2\7whiteboard.MP4,16
BON-dataset\Nairobi\Nairobi_2\8mobile.MP4,6
BON-dataset\Nairobi\Nairobi_2\8read.MP4,9
BON-dataset\Nairobi\Nairobi_2\8typeset.MP4,13
BON-dataset\Nairobi\Nairobi_2\8walk.MP4,14
BON-dataset\Nairobi\Nairobi_2\8whiteboard.MP4,16
BON-dataset\Nairobi\Nairobi_2\9mobile.MP4,6
BON-dataset\Nairobi\Nairobi_2\9read.MP4,9
BON-dataset\Nairobi\Nairobi_2\9typeset.MP4,13
BON-dataset\Nairobi\Nairobi_2\9walk.MP4,14
BON-dataset\Nairobi\Nairobi_2\9whiteboard.MP4,16
BON-dataset\Nairobi\Nairobi_3\0chat-2.MP4,0
BON-dataset\Nairobi\Nairobi_3\0chat.MP4,0
BON-dataset\Nairobi\Nairobi_3\0clean.MP4,1
BON-dataset\Nairobi\Nairobi_3\0drink.MP4,2
BON-dataset\Nairobi\Nairobi_3\0dry.MP4,3
BON-dataset\Nairobi\Nairobi_3\0machine.MP4,4
BON-dataset\Nairobi\Nairobi_3\0microwave.MP4,5
BON-dataset\Nairobi\Nairobi_3\0mobile.MP4,6
BON-dataset\Nairobi\Nairobi_3\0paper.MP4,7
BON-dataset\Nairobi\Nairobi_3\0print.MP4,8
BON-dataset\Nairobi\Nairobi_3\0read.MP4,9
BON-dataset\Nairobi\Nairobi_3\0shake.MP4,10
BON-dataset\Nairobi\Nairobi_3\0staple.MP4,11
BON-dataset\Nairobi\Nairobi_3\0take.MP4,12
BON-dataset\Nairobi\Nairobi_3\0typeset.MP4,13
BON-dataset\Nairobi\Nairobi_3\0walk.MP4,14
BON-dataset\Nairobi\Nairobi_3\0wash.MP4,15
BON-dataset\Nairobi\Nairobi_3\0whiteboard.MP4,16
BON-dataset\Nairobi\Nairobi_3\0write.MP4,17
BON-dataset\Nairobi\Nairobi_3\10chat-2.MP4,0
BON-dataset\Nairobi\Nairobi_3\10drink.MP4,2
BON-dataset\Nairobi\Nairobi_3\10microwave.MP4,5
BON-dataset\Nairobi\Nairobi_3\10mobile.MP4,6
BON-dataset\Nairobi\Nairobi_3\10walk.MP4,14
BON-dataset\Nairobi\Nairobi_3\10whiteboard.MP4,16
BON-dataset\Nairobi\Nairobi_3\10write.MP4,17
BON-dataset\Nairobi\Nairobi_3\11chat-2.MP4,0
BON-dataset\Nairobi\Nairobi_3\11microwave.MP4,5
BON-dataset\Nairobi\Nairobi_3\11walk.MP4,14
BON-dataset\Nairobi\Nairobi_3\11write.MP4,17
BON-dataset\Nairobi\Nairobi_3\12walk.MP4,14
BON-dataset\Nairobi\Nairobi_3\13walk.MP4,14
BON-dataset\Nairobi\Nairobi_3\14walk.MP4,14
BON-dataset\Nairobi\Nairobi_3\15walk.MP4,14
BON-dataset\Nairobi\Nairobi_3\16walk.MP4,14
BON-dataset\Nairobi\Nairobi_3\17walk.MP4,14
BON-dataset\Nairobi\Nairobi_3\18walk.MP4,14
BON-dataset\Nairobi\Nairobi_3\1chat-2.MP4,0
BON-dataset\Nairobi\Nairobi_3\1chat.MP4,0
BON-dataset\Nairobi\Nairobi_3\1clean.MP4,1
BON-dataset\Nairobi\Nairobi_3\1drink.MP4,2
BON-dataset\Nairobi\Nairobi_3\1dry.MP4,3
BON-dataset\Nairobi\Nairobi_3\1machine.MP4,4
BON-dataset\Nairobi\Nairobi_3\1microwave.MP4,5
BON-dataset\Nairobi\Nairobi_3\1mobile.MP4,6
BON-dataset\Nairobi\Nairobi_3\1paper.MP4,7
BON-dataset\Nairobi\Nairobi_3\1print.MP4,8
BON-dataset\Nairobi\Nairobi_3\1read.MP4,9
BON-dataset\Nairobi\Nairobi_3\1shake.MP4,10
BON-dataset\Nairobi\Nairobi_3\1staple.MP4,11
BON-dataset\Nairobi\Nairobi_3\1take.MP4,12
BON-dataset\Nairobi\Nairobi_3\1typeset.MP4,13
BON-dataset\Nairobi\Nairobi_3\1walk.MP4,14
BON-dataset\Nairobi\Nairobi_3\1wash.MP4,15
BON-dataset\Nairobi\Nairobi_3\1whiteboard.MP4,16
BON-dataset\Nairobi\Nairobi_3\1write.MP4,17
BON-dataset\Nairobi\Nairobi_3\2chat-2.MP4,0
BON-dataset\Nairobi\Nairobi_3\2clean.MP4,1
BON-dataset\Nairobi\Nairobi_3\2drink.MP4,2
BON-dataset\Nairobi\Nairobi_3\2dry.MP4,3
BON-dataset\Nairobi\Nairobi_3\2machine.MP4,4
BON-dataset\Nairobi\Nairobi_3\2microwave.MP4,5
BON-dataset\Nairobi\Nairobi_3\2mobile.MP4,6
BON-dataset\Nairobi\Nairobi_3\2paper.MP4,7
BON-dataset\Nairobi\Nairobi_3\2print.MP4,8
BON-dataset\Nairobi\Nairobi_3\2read.MP4,9
BON-dataset\Nairobi\Nairobi_3\2shake.MP4,10
BON-dataset\Nairobi\Nairobi_3\2staple.MP4,11
BON-dataset\Nairobi\Nairobi_3\2take.MP4,12
BON-dataset\Nairobi\Nairobi_3\2typeset.MP4,13
BON-dataset\Nairobi\Nairobi_3\2walk.MP4,14
BON-dataset\Nairobi\Nairobi_3\2wash.MP4,15
BON-dataset\Nairobi\Nairobi_3\2whiteboard.MP4,16
BON-dataset\Nairobi\Nairobi_3\2write.MP4,17
BON-dataset\Nairobi\Nairobi_3\3chat-2.MP4,0
BON-dataset\Nairobi\Nairobi_3\3clean.MP4,1
BON-dataset\Nairobi\Nairobi_3\3drink.MP4,2
BON-dataset\Nairobi\Nairobi_3\3machine.MP4,4
BON-dataset\Nairobi\Nairobi_3\3microwave.MP4,5
BON-dataset\Nairobi\Nairobi_3\3mobile.MP4,6
BON-dataset\Nairobi\Nairobi_3\3paper.MP4,7
BON-dataset\Nairobi\Nairobi_3\3print.MP4,8
BON-dataset\Nairobi\Nairobi_3\3read.MP4,9
BON-dataset\Nairobi\Nairobi_3\3staple.MP4,11
BON-dataset\Nairobi\Nairobi_3\3typeset.MP4,13
BON-dataset\Nairobi\Nairobi_3\3walk.MP4,14
BON-dataset\Nairobi\Nairobi_3\3wash.MP4,15
BON-dataset\Nairobi\Nairobi_3\3whiteboard.MP4,16
BON-dataset\Nairobi\Nairobi_3\3write.MP4,17
BON-dataset\Nairobi\Nairobi_3\4chat-2.MP4,0
BON-dataset\Nairobi\Nairobi_3\4clean.MP4,1
BON-dataset\Nairobi\Nairobi_3\4drink.MP4,2
BON-dataset\Nairobi\Nairobi_3\4machine.MP4,4
BON-dataset\Nairobi\Nairobi_3\4microwave.MP4,5
BON-dataset\Nairobi\Nairobi_3\4mobile.MP4,6
BON-dataset\Nairobi\Nairobi_3\4paper.MP4,7
BON-dataset\Nairobi\Nairobi_3\4print.MP4,8
BON-dataset\Nairobi\Nairobi_3\4read.MP4,9
BON-dataset\Nairobi\Nairobi_3\4staple.MP4,11
BON-dataset\Nairobi\Nairobi_3\4typeset.MP4,13
BON-dataset\Nairobi\Nairobi_3\4walk.MP4,14
BON-dataset\Nairobi\Nairobi_3\4whiteboard.MP4,16
BON-dataset\Nairobi\Nairobi_3\4write.MP4,17
BON-dataset\Nairobi\Nairobi_3\5chat-2.MP4,0
BON-dataset\Nairobi\Nairobi_3\5clean.MP4,1
BON-dataset\Nairobi\Nairobi_3\5drink.MP4,2
BON-dataset\Nairobi\Nairobi_3\5microwave.MP4,5
BON-dataset\Nairobi\Nairobi_3\5mobile.MP4,6
BON-dataset\Nairobi\Nairobi_3\5paper.MP4,7
BON-dataset\Nairobi\Nairobi_3\5print.MP4,8
BON-dataset\Nairobi\Nairobi_3\5read.MP4,9
BON-dataset\Nairobi\Nairobi_3\5typeset.MP4,13
BON-dataset\Nairobi\Nairobi_3\5walk.MP4,14
BON-dataset\Nairobi\Nairobi_3\5whiteboard.MP4,16
BON-dataset\Nairobi\Nairobi_3\5write.MP4,17
BON-dataset\Nairobi\Nairobi_3\6chat-2.MP4,0
BON-dataset\Nairobi\Nairobi_3\6clean.MP4,1
BON-dataset\Nairobi\Nairobi_3\6drink.MP4,2
BON-dataset\Nairobi\Nairobi_3\6microwave.MP4,5
BON-dataset\Nairobi\Nairobi_3\6mobile.MP4,6
BON-dataset\Nairobi\Nairobi_3\6paper.MP4,7
BON-dataset\Nairobi\Nairobi_3\6print.MP4,8
BON-dataset\Nairobi\Nairobi_3\6read.MP4,9
BON-dataset\Nairobi\Nairobi_3\6typeset.MP4,13
BON-dataset\Nairobi\Nairobi_3\6walk.MP4,14
BON-dataset\Nairobi\Nairobi_3\6whiteboard.MP4,16
BON-dataset\Nairobi\Nairobi_3\6write.MP4,17
BON-dataset\Nairobi\Nairobi_3\7chat-2.MP4,0
BON-dataset\Nairobi\Nairobi_3\7clean.MP4,1
BON-dataset\Nairobi\Nairobi_3\7drink.MP4,2
BON-dataset\Nairobi\Nairobi_3\7microwave.MP4,5
BON-dataset\Nairobi\Nairobi_3\7mobile.MP4,6
BON-dataset\Nairobi\Nairobi_3\7read.MP4,9
BON-dataset\Nairobi\Nairobi_3\7typeset.MP4,13
BON-dataset\Nairobi\Nairobi_3\7walk.MP4,14
BON-dataset\Nairobi\Nairobi_3\7whiteboard.MP4,16
BON-dataset\Nairobi\Nairobi_3\7write.MP4,17
BON-dataset\Nairobi\Nairobi_3\8chat-2.MP4,0
BON-dataset\Nairobi\Nairobi_3\8clean.MP4,1
BON-dataset\Nairobi\Nairobi_3\8drink.MP4,2
BON-dataset\Nairobi\Nairobi_3\8microwave.MP4,5
BON-dataset\Nairobi\Nairobi_3\8mobile.MP4,6
BON-dataset\Nairobi\Nairobi_3\8read.MP4,9
BON-dataset\Nairobi\Nairobi_3\8typeset.MP4,13
BON-dataset\Nairobi\Nairobi_3\8walk.MP4,14
BON-dataset\Nairobi\Nairobi_3\8whiteboard.MP4,16
BON-dataset\Nairobi\Nairobi_3\8write.MP4,17
BON-dataset\Nairobi\Nairobi_3\9chat-2.MP4,0
BON-dataset\Nairobi\Nairobi_3\9drink.MP4,2
BON-dataset\Nairobi\Nairobi_3\9microwave.MP4,5
BON-dataset\Nairobi\Nairobi_3\9mobile.MP4,6
BON-dataset\Nairobi\Nairobi_3\9read.MP4,9
BON-dataset\Nairobi\Nairobi_3\9typeset.MP4,13
BON-dataset\Nairobi\Nairobi_3\9walk.MP4,14
BON-dataset\Nairobi\Nairobi_3\9whiteboard.MP4,16
BON-dataset\Nairobi\Nairobi_3\9write.MP4,17
BON-dataset\Nairobi\Nairobi_4\0chat-2.MP4,0
BON-dataset\Nairobi\Nairobi_4\0chat.MP4,0
BON-dataset\Nairobi\Nairobi_4\0clean.MP4,1
BON-dataset\Nairobi\Nairobi_4\0drink.MP4,2
BON-dataset\Nairobi\Nairobi_4\0dry.MP4,3
BON-dataset\Nairobi\Nairobi_4\0machine.MP4,4
BON-dataset\Nairobi\Nairobi_4\0microwave.MP4,5
BON-dataset\Nairobi\Nairobi_4\0mobile.MP4,6
BON-dataset\Nairobi\Nairobi_4\0paper.MP4,7
BON-dataset\Nairobi\Nairobi_4\0print.MP4,8
BON-dataset\Nairobi\Nairobi_4\0read.MP4,9
BON-dataset\Nairobi\Nairobi_4\0shake.MP4,10
BON-dataset\Nairobi\Nairobi_4\0staple.MP4,11
BON-dataset\Nairobi\Nairobi_4\0take.MP4,12
BON-dataset\Nairobi\Nairobi_4\0typeset.MP4,13
BON-dataset\Nairobi\Nairobi_4\0walk.MP4,14
BON-dataset\Nairobi\Nairobi_4\0wash.MP4,15
BON-dataset\Nairobi\Nairobi_4\0whiteboard.MP4,16
BON-dataset\Nairobi\Nairobi_4\0write.MP4,17
BON-dataset\Nairobi\Nairobi_4\10microwave.MP4,5
BON-dataset\Nairobi\Nairobi_4\10print.MP4,8
BON-dataset\Nairobi\Nairobi_4\10typeset.MP4,13
BON-dataset\Nairobi\Nairobi_4\10walk.MP4,14
BON-dataset\Nairobi\Nairobi_4\10whiteboard.MP4,16
BON-dataset\Nairobi\Nairobi_4\10write.MP4,17
BON-dataset\Nairobi\Nairobi_4\11microwave.MP4,5
BON-dataset\Nairobi\Nairobi_4\11print.MP4,8
BON-dataset\Nairobi\Nairobi_4\11typeset.MP4,13
BON-dataset\Nairobi\Nairobi_4\11write.MP4,17
BON-dataset\Nairobi\Nairobi_4\12print.MP4,8
BON-dataset\Nairobi\Nairobi_4\12typeset.MP4,13
BON-dataset\Nairobi\Nairobi_4\13print.MP4,8
BON-dataset\Nairobi\Nairobi_4\13typeset.MP4,13
BON-dataset\Nairobi\Nairobi_4\1chat-2.MP4,0
BON-dataset\Nairobi\Nairobi_4\1clean.MP4,1
BON-dataset\Nairobi\Nairobi_4\1drink.MP4,2
BON-dataset\Nairobi\Nairobi_4\1dry.MP4,3
BON-dataset\Nairobi\Nairobi_4\1machine.MP4,4
BON-dataset\Nairobi\Nairobi_4\1microwave.MP4,5
BON-dataset\Nairobi\Nairobi_4\1mobile.MP4,6
BON-dataset\Nairobi\Nairobi_4\1paper.MP4,7
BON-dataset\Nairobi\Nairobi_4\1print.MP4,8
BON-dataset\Nairobi\Nairobi_4\1read.MP4,9
BON-dataset\Nairobi\Nairobi_4\1shake.MP4,10
BON-dataset\Nairobi\Nairobi_4\1staple.MP4,11
BON-dataset\Nairobi\Nairobi_4\1take.MP4,12
BON-dataset\Nairobi\Nairobi_4\1typeset.MP4,13
BON-dataset\Nairobi\Nairobi_4\1walk.MP4,14
BON-dataset\Nairobi\Nairobi_4\1wash.MP4,15
BON-dataset\Nairobi\Nairobi_4\1whiteboard.MP4,16
BON-dataset\Nairobi\Nairobi_4\1write.MP4,17
BON-dataset\Nairobi\Nairobi_4\2chat-2.MP4,0
BON-dataset\Nairobi\Nairobi_4\2clean.MP4,1
BON-dataset\Nairobi\Nairobi_4\2drink.MP4,2
BON-dataset\Nairobi\Nairobi_4\2dry.MP4,3
BON-dataset\Nairobi\Nairobi_4\2machine.MP4,4
BON-dataset\Nairobi\Nairobi_4\2microwave.MP4,5
BON-dataset\Nairobi\Nairobi_4\2mobile.MP4,6
BON-dataset\Nairobi\Nairobi_4\2paper.MP4,7
BON-dataset\Nairobi\Nairobi_4\2print.MP4,8
BON-dataset\Nairobi\Nairobi_4\2read.MP4,9
BON-dataset\Nairobi\Nairobi_4\2shake.MP4,10
BON-dataset\Nairobi\Nairobi_4\2staple.MP4,11
BON-dataset\Nairobi\Nairobi_4\2take.MP4,12
BON-dataset\Nairobi\Nairobi_4\2typeset.MP4,13
BON-dataset\Nairobi\Nairobi_4\2walk.MP4,14
BON-dataset\Nairobi\Nairobi_4\2wash.MP4,15
BON-dataset\Nairobi\Nairobi_4\2whiteboard.MP4,16
BON-dataset\Nairobi\Nairobi_4\2write.MP4,17
BON-dataset\Nairobi\Nairobi_4\3chat-2.MP4,0
BON-dataset\Nairobi\Nairobi_4\3clean.MP4,1
BON-dataset\Nairobi\Nairobi_4\3drink.MP4,2
BON-dataset\Nairobi\Nairobi_4\3machine.MP4,4
BON-dataset\Nairobi\Nairobi_4\3microwave.MP4,5
BON-dataset\Nairobi\Nairobi_4\3mobile.MP4,6
BON-dataset\Nairobi\Nairobi_4\3paper.MP4,7
BON-dataset\Nairobi\Nairobi_4\3print.MP4,8
BON-dataset\Nairobi\Nairobi_4\3read.MP4,9
BON-dataset\Nairobi\Nairobi_4\3staple.MP4,11
BON-dataset\Nairobi\Nairobi_4\3take.MP4,12
BON-dataset\Nairobi\Nairobi_4\3typeset.MP4,13
BON-dataset\Nairobi\Nairobi_4\3walk.MP4,14
BON-dataset\Nairobi\Nairobi_4\3wash.MP4,15
BON-dataset\Nairobi\Nairobi_4\3whiteboard.MP4,16
BON-dataset\Nairobi\Nairobi_4\3write.MP4,17
BON-dataset\Nairobi\Nairobi_4\4chat-2.MP4,0
BON-dataset\Nairobi\Nairobi_4\4drink.MP4,2
BON-dataset\Nairobi\Nairobi_4\4machine.MP4,4
BON-dataset\Nairobi\Nairobi_4\4microwave.MP4,5
BON-dataset\Nairobi\Nairobi_4\4mobile.MP4,6
BON-dataset\Nairobi\Nairobi_4\4paper.MP4,7
BON-dataset\Nairobi\Nairobi_4\4print.MP4,8
BON-dataset\Nairobi\Nairobi_4\4read.MP4,9
BON-dataset\Nairobi\Nairobi_4\4staple.MP4,11
BON-dataset\Nairobi\Nairobi_4\4typeset.MP4,13
BON-dataset\Nairobi\Nairobi_4\4walk.MP4,14
BON-dataset\Nairobi\Nairobi_4\4wash.MP4,15
BON-dataset\Nairobi\Nairobi_4\4whiteboard.MP4,16
BON-dataset\Nairobi\Nairobi_4\4write.MP4,17
BON-dataset\Nairobi\Nairobi_4\5chat-2.MP4,0
BON-dataset\Nairobi\Nairobi_4\5drink.MP4,2
BON-dataset\Nairobi\Nairobi_4\5machine.MP4,4
BON-dataset\Nairobi\Nairobi_4\5microwave.MP4,5
BON-dataset\Nairobi\Nairobi_4\5mobile.MP4,6
BON-dataset\Nairobi\Nairobi_4\5paper.MP4,7
BON-dataset\Nairobi\Nairobi_4\5print.MP4,8
BON-dataset\Nairobi\Nairobi_4\5read.MP4,9
BON-dataset\Nairobi\Nairobi_4\5typeset.MP4,13
BON-dataset\Nairobi\Nairobi_4\5walk.MP4,14
BON-dataset\Nairobi\Nairobi_4\5whiteboard.MP4,16
BON-dataset\Nairobi\Nairobi_4\5write.MP4,17
BON-dataset\Nairobi\Nairobi_4\6chat-2.MP4,0
BON-dataset\Nairobi\Nairobi_4\6drink.MP4,2
BON-dataset\Nairobi\Nairobi_4\6machine.MP4,4
BON-dataset\Nairobi\Nairobi_4\6microwave.MP4,5
BON-dataset\Nairobi\Nairobi_4\6mobile.MP4,6
BON-dataset\Nairobi\Nairobi_4\6print.MP4,8
BON-dataset\Nairobi\Nairobi_4\6read.MP4,9
BON-dataset\Nairobi\Nairobi_4\6typeset.MP4,13
BON-dataset\Nairobi\Nairobi_4\6walk.MP4,14
BON-dataset\Nairobi\Nairobi_4\6whiteboard.MP4,16
BON-dataset\Nairobi\Nairobi_4\6write.MP4,17
BON-dataset\Nairobi\Nairobi_4\7chat-2.MP4,0
BON-dataset\Nairobi\Nairobi_4\7drink.MP4,2
BON-dataset\Nairobi\Nairobi_4\7machine.MP4,4
BON-dataset\Nairobi\Nairobi_4\7microwave.MP4,5
BON-dataset\Nairobi\Nairobi_4\7print.MP4,8
BON-dataset\Nairobi\Nairobi_4\7read.MP4,9
BON-dataset\Nairobi\Nairobi_4\7typeset.MP4,13
BON-dataset\Nairobi\Nairobi_4\7walk.MP4,14
BON-dataset\Nairobi\Nairobi_4\7whiteboard.MP4,16
BON-dataset\Nairobi\Nairobi_4\7write.MP4,17
BON-dataset\Nairobi\Nairobi_4\8drink.MP4,2
BON-dataset\Nairobi\Nairobi_4\8machine.MP4,4
BON-dataset\Nairobi\Nairobi_4\8microwave.MP4,5
BON-dataset\Nairobi\Nairobi_4\8print.MP4,8
BON-dataset\Nairobi\Nairobi_4\8read.MP4,9
BON-dataset\Nairobi\Nairobi_4\8typeset.MP4,13
BON-dataset\Nairobi\Nairobi_4\8walk.MP4,14
BON-dataset\Nairobi\Nairobi_4\8whiteboard.MP4,16
BON-dataset\Nairobi\Nairobi_4\8write.MP4,17
BON-dataset\Nairobi\Nairobi_4\9microwave.MP4,5
BON-dataset\Nairobi\Nairobi_4\9print.MP4,8
BON-dataset\Nairobi\Nairobi_4\9typeset.MP4,13
BON-dataset\Nairobi\Nairobi_4\9walk.MP4,14
BON-dataset\Nairobi\Nairobi_4\9whiteboard.MP4,16
BON-dataset\Nairobi\Nairobi_4\9write.MP4,17
BON-dataset\Nairobi\Nairobi_5\0chat.MP4,0
BON-dataset\Nairobi\Nairobi_5\0clean.MP4,1
BON-dataset\Nairobi\Nairobi_5\0drink.MP4,2
BON-dataset\Nairobi\Nairobi_5\0dry.MP4,3
BON-dataset\Nairobi\Nairobi_5\0machine.MP4,4
BON-dataset\Nairobi\Nairobi_5\0microwave.MP4,5
BON-dataset\Nairobi\Nairobi_5\0mobile.MP4,6
BON-dataset\Nairobi\Nairobi_5\0paper.MP4,7
BON-dataset\Nairobi\Nairobi_5\0print.MP4,8
BON-dataset\Nairobi\Nairobi_5\0read.MP4,9
BON-dataset\Nairobi\Nairobi_5\0shake.MP4,10
BON-dataset\Nairobi\Nairobi_5\0staple.MP4,11
BON-dataset\Nairobi\Nairobi_5\0take.MP4,12
BON-dataset\Nairobi\Nairobi_5\0typeset.MP4,13
BON-dataset\Nairobi\Nairobi_5\0walk.MP4,14
BON-dataset\Nairobi\Nairobi_5\0wash.MP4,15
BON-dataset\Nairobi\Nairobi_5\0whiteboard.MP4,16
BON-dataset\Nairobi\Nairobi_5\0write.MP4,17
BON-dataset\Nairobi\Nairobi_5\10chat.MP4,0
BON-dataset\Nairobi\Nairobi_5\10drink.MP4,2
BON-dataset\Nairobi\Nairobi_5\10print.MP4,8
BON-dataset\Nairobi\Nairobi_5\10typeset.MP4,13
BON-dataset\Nairobi\Nairobi_5\10walk.MP4,14
BON-dataset\Nairobi\Nairobi_5\10whiteboard.MP4,16
BON-dataset\Nairobi\Nairobi_5\10write.MP4,17
BON-dataset\Nairobi\Nairobi_5\11chat.MP4,0
BON-dataset\Nairobi\Nairobi_5\11drink.MP4,2
BON-dataset\Nairobi\Nairobi_5\11print.MP4,8
BON-dataset\Nairobi\Nairobi_5\11typeset.MP4,13
BON-dataset\Nairobi\Nairobi_5\11walk.MP4,14
BON-dataset\Nairobi\Nairobi_5\11whiteboard.MP4,16
BON-dataset\Nairobi\Nairobi_5\11write.MP4,17
BON-dataset\Nairobi\Nairobi_5\12typeset.MP4,13
BON-dataset\Nairobi\Nairobi_5\12walk.MP4,14
BON-dataset\Nairobi\Nairobi_5\12whiteboard.MP4,16
BON-dataset\Nairobi\Nairobi_5\13typeset.MP4,13
BON-dataset\Nairobi\Nairobi_5\13walk.MP4,14
BON-dataset\Nairobi\Nairobi_5\13whiteboard.MP4,16
BON-dataset\Nairobi\Nairobi_5\14walk.MP4,14
BON-dataset\Nairobi\Nairobi_5\14whiteboard.MP4,16
BON-dataset\Nairobi\Nairobi_5\15whiteboard.MP4,16
BON-dataset\Nairobi\Nairobi_5\16whiteboard.MP4,16
BON-dataset\Nairobi\Nairobi_5\1chat.MP4,0
BON-dataset\Nairobi\Nairobi_5\1clean.MP4,1
BON-dataset\Nairobi\Nairobi_5\1drink.MP4,2
BON-dataset\Nairobi\Nairobi_5\1dry.MP4,3
BON-dataset\Nairobi\Nairobi_5\1machine.MP4,4
BON-dataset\Nairobi\Nairobi_5\1microwave.MP4,5
BON-dataset\Nairobi\Nairobi_5\1mobile.MP4,6
BON-dataset\Nairobi\Nairobi_5\1paper.MP4,7
BON-dataset\Nairobi\Nairobi_5\1print.MP4,8
BON-dataset\Nairobi\Nairobi_5\1read.MP4,9
BON-dataset\Nairobi\Nairobi_5\1shake.MP4,10
BON-dataset\Nairobi\Nairobi_5\1staple.MP4,11
BON-dataset\Nairobi\Nairobi_5\1take.MP4,12
BON-dataset\Nairobi\Nairobi_5\1typeset.MP4,13
BON-dataset\Nairobi\Nairobi_5\1walk.MP4,14
BON-dataset\Nairobi\Nairobi_5\1wash.MP4,15
BON-dataset\Nairobi\Nairobi_5\1whiteboard.MP4,16
BON-dataset\Nairobi\Nairobi_5\1write.MP4,17
BON-dataset\Nairobi\Nairobi_5\2chat.MP4,0
BON-dataset\Nairobi\Nairobi_5\2clean.MP4,1
BON-dataset\Nairobi\Nairobi_5\2drink.MP4,2
BON-dataset\Nairobi\Nairobi_5\2dry.MP4,3
BON-dataset\Nairobi\Nairobi_5\2machine.MP4,4
BON-dataset\Nairobi\Nairobi_5\2microwave.MP4,5
BON-dataset\Nairobi\Nairobi_5\2mobile.MP4,6
BON-dataset\Nairobi\Nairobi_5\2paper.MP4,7
BON-dataset\Nairobi\Nairobi_5\2print.MP4,8
BON-dataset\Nairobi\Nairobi_5\2read.MP4,9
BON-dataset\Nairobi\Nairobi_5\2staple.MP4,11
BON-dataset\Nairobi\Nairobi_5\2take.MP4,12
BON-dataset\Nairobi\Nairobi_5\2typeset.MP4,13
BON-dataset\Nairobi\Nairobi_5\2walk.MP4,14
BON-dataset\Nairobi\Nairobi_5\2wash.MP4,15
BON-dataset\Nairobi\Nairobi_5\2whiteboard.MP4,16
BON-dataset\Nairobi\Nairobi_5\2write.MP4,17
BON-dataset\Nairobi\Nairobi_5\3chat.MP4,0
BON-dataset\Nairobi\Nairobi_5\3clean.MP4,1
BON-dataset\Nairobi\Nairobi_5\3drink.MP4,2
BON-dataset\Nairobi\Nairobi_5\3dry.MP4,3
BON-dataset\Nairobi\Nairobi_5\3machine.MP4,4
BON-dataset\Nairobi\Nairobi_5\3microwave.MP4,5
BON-dataset\Nairobi\Nairobi_5\3mobile.MP4,6
BON-dataset\Nairobi\Nairobi_5\3paper.MP4,7
BON-dataset\Nairobi\Nairobi_5\3print.MP4,8
BON-dataset\Nairobi\Nairobi_5\3read.MP4,9
BON-dataset\Nairobi\Nairobi_5\3staple.MP4,11
BON-dataset\Nairobi\Nairobi_5\3take.MP4,12
BON-dataset\Nairobi\Nairobi_5\3typeset.MP4,13
BON-dataset\Nairobi\Nairobi_5\3walk.MP4,14
BON-dataset\Nairobi\Nairobi_5\3wash.MP4,15
BON-dataset\Nairobi\Nairobi_5\3whiteboard.MP4,16
BON-dataset\Nairobi\Nairobi_5\3write.MP4,17
BON-dataset\Nairobi\Nairobi_5\4chat.MP4,0
BON-dataset\Nairobi\Nairobi_5\4clean.MP4,1
BON-dataset\Nairobi\Nairobi_5\4drink.MP4,2
BON-dataset\Nairobi\Nairobi_5\4machine.MP4,4
BON-dataset\Nairobi\Nairobi_5\4microwave.MP4,5
BON-dataset\Nairobi\Nairobi_5\4mobile.MP4,6
BON-dataset\Nairobi\Nairobi_5\4paper.MP4,7
BON-dataset\Nairobi\Nairobi_5\4print.MP4,8
BON-dataset\Nairobi\Nairobi_5\4read.MP4,9
BON-dataset\Nairobi\Nairobi_5\4staple.MP4,11
BON-dataset\Nairobi\Nairobi_5\4typeset.MP4,13
BON-dataset\Nairobi\Nairobi_5\4walk.MP4,14
BON-dataset\Nairobi\Nairobi_5\4wash.MP4,15
BON-dataset\Nairobi\Nairobi_5\4whiteboard.MP4,16
BON-dataset\Nairobi\Nairobi_5\4write.MP4,17
BON-dataset\Nairobi\Nairobi_5\5chat.MP4,0
BON-dataset\Nairobi\Nairobi_5\5clean.MP4,1
BON-dataset\Nairobi\Nairobi_5\5drink.MP4,2
BON-dataset\Nairobi\Nairobi_5\5machine.MP4,4
BON-dataset\Nairobi\Nairobi_5\5microwave.MP4,5
BON-dataset\Nairobi\Nairobi_5\5mobile.MP4,6
BON-dataset\Nairobi\Nairobi_5\5paper.MP4,7
BON-dataset\Nairobi\Nairobi_5\5print.MP4,8
BON-dataset\Nairobi\Nairobi_5\5read.MP4,9
BON-dataset\Nairobi\Nairobi_5\5typeset.MP4,13
BON-dataset\Nairobi\Nairobi_5\5walk.MP4,14
BON-dataset\Nairobi\Nairobi_5\5whiteboard.MP4,16
BON-dataset\Nairobi\Nairobi_5\5write.MP4,17
BON-dataset\Nairobi\Nairobi_5\6chat.MP4,0
BON-dataset\Nairobi\Nairobi_5\6clean.MP4,1
BON-dataset\Nairobi\Nairobi_5\6drink.MP4,2
BON-dataset\Nairobi\Nairobi_5\6machine.MP4,4
BON-dataset\Nairobi\Nairobi_5\6microwave.MP4,5
BON-dataset\Nairobi\Nairobi_5\6mobile.MP4,6
BON-dataset\Nairobi\Nairobi_5\6paper.MP4,7
BON-dataset\Nairobi\Nairobi_5\6print.MP4,8
BON-dataset\Nairobi\Nairobi_5\6read.MP4,9
BON-dataset\Nairobi\Nairobi_5\6typeset.MP4,13
BON-dataset\Nairobi\Nairobi_5\6walk.MP4,14
BON-dataset\Nairobi\Nairobi_5\6whiteboard.MP4,16
BON-dataset\Nairobi\Nairobi_5\6write.MP4,17
BON-dataset\Nairobi\Nairobi_5\7chat.MP4,0
BON-dataset\Nairobi\Nairobi_5\7clean.MP4,1
BON-dataset\Nairobi\Nairobi_5\7drink.MP4,2
BON-dataset\Nairobi\Nairobi_5\7machine.MP4,4
BON-dataset\Nairobi\Nairobi_5\7microwave.MP4,5
BON-dataset\Nairobi\Nairobi_5\7paper.MP4,7
BON-dataset\Nairobi\Nairobi_5\7print.MP4,8
BON-dataset\Nairobi\Nairobi_5\7read.MP4,9
BON-dataset\Nairobi\Nairobi_5\7typeset.MP4,13
BON-dataset\Nairobi\Nairobi_5\7walk.MP4,14
BON-dataset\Nairobi\Nairobi_5\7whiteboard.MP4,16
BON-dataset\Nairobi\Nairobi_5\7write.MP4,17
BON-dataset\Nairobi\Nairobi_5\8chat.MP4,0
BON-dataset\Nairobi\Nairobi_5\8clean.MP4,1
BON-dataset\Nairobi\Nairobi_5\8drink.MP4,2
BON-dataset\Nairobi\Nairobi_5\8machine.MP4,4
BON-dataset\Nairobi\Nairobi_5\8microwave.MP4,5
BON-dataset\Nairobi\Nairobi_5\8paper.MP4,7
BON-dataset\Nairobi\Nairobi_5\8print.MP4,8
BON-dataset\Nairobi\Nairobi_5\8read.MP4,9
BON-dataset\Nairobi\Nairobi_5\8typeset.MP4,13
BON-dataset\Nairobi\Nairobi_5\8walk.MP4,14
BON-dataset\Nairobi\Nairobi_5\8whiteboard.MP4,16
BON-dataset\Nairobi\Nairobi_5\8write.MP4,17
BON-dataset\Nairobi\Nairobi_5\9chat.MP4,0
BON-dataset\Nairobi\Nairobi_5\9clean.MP4,1
BON-dataset\Nairobi\Nairobi_5\9drink.MP4,2
BON-dataset\Nairobi\Nairobi_5\9microwave.MP4,5
BON-dataset\Nairobi\Nairobi_5\9paper.MP4,7
BON-dataset\Nairobi\Nairobi_5\9print.MP4,8
BON-dataset\Nairobi\Nairobi_5\9read.MP4,9
BON-dataset\Nairobi\Nairobi_5\9typeset.MP4,13
BON-dataset\Nairobi\Nairobi_5\9walk.MP4,14
BON-dataset\Nairobi\Nairobi_5\9whiteboard.MP4,16
BON-dataset\Nairobi\Nairobi_5\9write.MP4,17
BON-dataset\Nairobi\Nairobi_6\0chat.MP4,0
BON-dataset\Nairobi\Nairobi_6\0clean.MP4,1
BON-dataset\Nairobi\Nairobi_6\0drink.MP4,2
BON-dataset\Nairobi\Nairobi_6\0dry.MP4,3
BON-dataset\Nairobi\Nairobi_6\0machine.MP4,4
BON-dataset\Nairobi\Nairobi_6\0microwave.MP4,5
BON-dataset\Nairobi\Nairobi_6\0paper.MP4,7
BON-dataset\Nairobi\Nairobi_6\0print.MP4,8
BON-dataset\Nairobi\Nairobi_6\0read.MP4,9
BON-dataset\Nairobi\Nairobi_6\0shake.MP4,10
BON-dataset\Nairobi\Nairobi_6\0staple.MP4,11
BON-dataset\Nairobi\Nairobi_6\0take.MP4,12
BON-dataset\Nairobi\Nairobi_6\0typeset.MP4,13
BON-dataset\Nairobi\Nairobi_6\0walk.MP4,14
BON-dataset\Nairobi\Nairobi_6\0wash.MP4,15
BON-dataset\Nairobi\Nairobi_6\0whiteboard.MP4,16
BON-dataset\Nairobi\Nairobi_6\0write.MP4,17
BON-dataset\Nairobi\Nairobi_6\10whiteboard.MP4,16
BON-dataset\Nairobi\Nairobi_6\11whiteboard.MP4,16
BON-dataset\Nairobi\Nairobi_6\1chat.MP4,0
BON-dataset\Nairobi\Nairobi_6\1clean.MP4,1
BON-dataset\Nairobi\Nairobi_6\1drink.MP4,2
BON-dataset\Nairobi\Nairobi_6\1dry.MP4,3
BON-dataset\Nairobi\Nairobi_6\1machine.MP4,4
BON-dataset\Nairobi\Nairobi_6\1microwave.MP4,5
BON-dataset\Nairobi\Nairobi_6\1paper.MP4,7
BON-dataset\Nairobi\Nairobi_6\1print.MP4,8
BON-dataset\Nairobi\Nairobi_6\1read.MP4,9
BON-dataset\Nairobi\Nairobi_6\1shake.MP4,10
BON-dataset\Nairobi\Nairobi_6\1staple.MP4,11
BON-dataset\Nairobi\Nairobi_6\1take.MP4,12
BON-dataset\Nairobi\Nairobi_6\1typeset.MP4,13
BON-dataset\Nairobi\Nairobi_6\1walk.MP4,14
BON-dataset\Nairobi\Nairobi_6\1wash.MP4,15
BON-dataset\Nairobi\Nairobi_6\1whiteboard.MP4,16
BON-dataset\Nairobi\Nairobi_6\1write.MP4,17
BON-dataset\Nairobi\Nairobi_6\2chat.MP4,0
BON-dataset\Nairobi\Nairobi_6\2clean.MP4,1
BON-dataset\Nairobi\Nairobi_6\2drink.MP4,2
BON-dataset\Nairobi\Nairobi_6\2dry.MP4,3
BON-dataset\Nairobi\Nairobi_6\2machine.MP4,4
BON-dataset\Nairobi\Nairobi_6\2microwave.MP4,5
BON-dataset\Nairobi\Nairobi_6\2paper.MP4,7
BON-dataset\Nairobi\Nairobi_6\2print.MP4,8
BON-dataset\Nairobi\Nairobi_6\2read.MP4,9
BON-dataset\Nairobi\Nairobi_6\2shake.MP4,10
BON-dataset\Nairobi\Nairobi_6\2staple.MP4,11
BON-dataset\Nairobi\Nairobi_6\2take.MP4,12
BON-dataset\Nairobi\Nairobi_6\2typeset.MP4,13
BON-dataset\Nairobi\Nairobi_6\2walk.MP4,14
BON-dataset\Nairobi\Nairobi_6\2wash.MP4,15
BON-dataset\Nairobi\Nairobi_6\2whiteboard.MP4,16
BON-dataset\Nairobi\Nairobi_6\2write.MP4,17
BON-dataset\Nairobi\Nairobi_6\3chat.MP4,0
BON-dataset\Nairobi\Nairobi_6\3clean.MP4,1
BON-dataset\Nairobi\Nairobi_6\3drink.MP4,2
BON-dataset\Nairobi\Nairobi_6\3dry.MP4,3
BON-dataset\Nairobi\Nairobi_6\3machine.MP4,4
BON-dataset\Nairobi\Nairobi_6\3microwave.MP4,5
BON-dataset\Nairobi\Nairobi_6\3paper.MP4,7
BON-dataset\Nairobi\Nairobi_6\3print.MP4,8
BON-dataset\Nairobi\Nairobi_6\3read.MP4,9
BON-dataset\Nairobi\Nairobi_6\3staple.MP4,11
BON-dataset\Nairobi\Nairobi_6\3take.MP4,12
BON-dataset\Nairobi\Nairobi_6\3typeset.MP4,13
BON-dataset\Nairobi\Nairobi_6\3walk.MP4,14
BON-dataset\Nairobi\Nairobi_6\3whiteboard.MP4,16
BON-dataset\Nairobi\Nairobi_6\3write.MP4,17
BON-dataset\Nairobi\Nairobi_6\4chat.MP4,0
BON-dataset\Nairobi\Nairobi_6\4clean.MP4,1
BON-dataset\Nairobi\Nairobi_6\4drink.MP4,2
BON-dataset\Nairobi\Nairobi_6\4machine.MP4,4
BON-dataset\Nairobi\Nairobi_6\4microwave.MP4,5
BON-dataset\Nairobi\Nairobi_6\4paper.MP4,7
BON-dataset\Nairobi\Nairobi_6\4print.MP4,8
BON-dataset\Nairobi\Nairobi_6\4read.MP4,9
BON-dataset\Nairobi\Nairobi_6\4staple.MP4,11
BON-dataset\Nairobi\Nairobi_6\4take.MP4,12
BON-dataset\Nairobi\Nairobi_6\4typeset.MP4,13
BON-dataset\Nairobi\Nairobi_6\4walk.MP4,14
BON-dataset\Nairobi\Nairobi_6\4whiteboard.MP4,16
BON-dataset\Nairobi\Nairobi_6\4write.MP4,17
BON-dataset\Nairobi\Nairobi_6\5chat.MP4,0
BON-dataset\Nairobi\Nairobi_6\5clean.MP4,1
BON-dataset\Nairobi\Nairobi_6\5microwave.MP4,5
BON-dataset\Nairobi\Nairobi_6\5paper.MP4,7
BON-dataset\Nairobi\Nairobi_6\5staple.MP4,11
BON-dataset\Nairobi\Nairobi_6\5take.MP4,12
BON-dataset\Nairobi\Nairobi_6\5typeset.MP4,13
BON-dataset\Nairobi\Nairobi_6\5walk.MP4,14
BON-dataset\Nairobi\Nairobi_6\5whiteboard.MP4,16
BON-dataset\Nairobi\Nairobi_6\5write.MP4,17
BON-dataset\Nairobi\Nairobi_6\6chat.MP4,0
BON-dataset\Nairobi\Nairobi_6\6clean.MP4,1
BON-dataset\Nairobi\Nairobi_6\6microwave.MP4,5
BON-dataset\Nairobi\Nairobi_6\6paper.MP4,7
BON-dataset\Nairobi\Nairobi_6\6typeset.MP4,13
BON-dataset\Nairobi\Nairobi_6\6walk.MP4,14
BON-dataset\Nairobi\Nairobi_6\6whiteboard.MP4,16
BON-dataset\Nairobi\Nairobi_6\6write.MP4,17
BON-dataset\Nairobi\Nairobi_6\7chat.MP4,0
BON-dataset\Nairobi\Nairobi_6\7clean.MP4,1
BON-dataset\Nairobi\Nairobi_6\7microwave.MP4,5
BON-dataset\Nairobi\Nairobi_6\7paper.MP4,7
BON-dataset\Nairobi\Nairobi_6\7typeset.MP4,13
BON-dataset\Nairobi\Nairobi_6\7whiteboard.MP4,16
BON-dataset\Nairobi\Nairobi_6\7write.MP4,17
BON-dataset\Nairobi\Nairobi_6\8chat.MP4,0
BON-dataset\Nairobi\Nairobi_6\8clean.MP4,1
BON-dataset\Nairobi\Nairobi_6\8typeset.MP4,13
BON-dataset\Nairobi\Nairobi_6\8whiteboard.MP4,16
BON-dataset\Nairobi\Nairobi_6\8write.MP4,17
BON-dataset\Nairobi\Nairobi_6\9chat.MP4,0
BON-dataset\Nairobi\Nairobi_6\9typeset.MP4,13
BON-dataset\Nairobi\Nairobi_6\9whiteboard.MP4,16
BON-dataset\Nairobi\Nairobi_6\9write.MP4,17
