path,label
BON-dataset\Oxford\Oxford_1\0chat.MP4,0
BON-dataset\Oxford\Oxford_1\0clean.MP4,1
BON-dataset\Oxford\Oxford_1\0drink.MP4,2
BON-dataset\Oxford\Oxford_1\0dry-2.MP4,3
BON-dataset\Oxford\Oxford_1\0dry.MP4,3
BON-dataset\Oxford\Oxford_1\0machine.MP4,4
BON-dataset\Oxford\Oxford_1\0microwave.MP4,5
BON-dataset\Oxford\Oxford_1\0mobile.MP4,6
BON-dataset\Oxford\Oxford_1\0paper.MP4,7
BON-dataset\Oxford\Oxford_1\0print.MP4,8
BON-dataset\Oxford\Oxford_1\0read.MP4,9
BON-dataset\Oxford\Oxford_1\0shake.MP4,10
BON-dataset\Oxford\Oxford_1\0staple.MP4,11
BON-dataset\Oxford\Oxford_1\0take.MP4,12
BON-dataset\Oxford\Oxford_1\0typeset.MP4,13
BON-dataset\Oxford\Oxford_1\0walk-2.MP4,14
BON-dataset\Oxford\Oxford_1\0walk.MP4,14
BON-dataset\Oxford\Oxford_1\0wash.MP4,15
BON-dataset\Oxford\Oxford_1\0whiteboard-2.MP4,16
BON-dataset\Oxford\Oxford_1\0whiteboard.MP4,16
BON-dataset\Oxford\Oxford_1\0write.MP4,17
BON-dataset\Oxford\Oxford_1\10chat.MP4,0
BON-dataset\Oxford\Oxford_1\10paper.MP4,7
BON-dataset\Oxford\Oxford_1\10read.MP4,9
BON-dataset\Oxford\Oxford_1\10typeset.MP4,13
BON-dataset\Oxford\Oxford_1\10whiteboard.MP4,16
BON-dataset\Oxford\Oxford_1\11chat.MP4,0
BON-dataset\Oxford\Oxford_1\11read.MP4,9
BON-dataset\Oxford\Oxford_1\11typeset.MP4,13
BON-dataset\Oxford\Oxford_1\12chat.MP4,0
BON-dataset\Oxford\Oxford_1\12read.MP4,9
BON-dataset\Oxford\Oxford_1\13chat.MP4,0
BON-dataset\Oxford\Oxford_1\14chat.MP4,0
BON-dataset\Oxford\Oxford_1\1chat.MP4,0
BON-dataset\Oxford\Oxford_1\1clean.MP4,1
BON-dataset\Oxford\Oxford_1\1drink.MP4,2
BON-dataset\Oxford\Oxford_1\1dry-2.MP4,3
BON-dataset\Oxford\Oxford_1\1dry.MP4,3
BON-dataset\Oxford\Oxford_1\1machine.MP4,4
BON-dataset\Oxford\Oxford_1\1microwave.MP4,5
BON-dataset\Oxford\Oxford_1\1mobile.MP4,6
BON-dataset\Oxford\Oxford_1\1paper.MP4,7
BON-dataset\Oxford\Oxford_1\1print.MP4,8
BON-dataset\Oxford\Oxford_1\1read.MP4,9
BON-dataset\Oxford\Oxford_1\1shake.MP4,10
BON-dataset\Oxford\Oxford_1\1staple.MP4,11
BON-dataset\Oxford\Oxford_1\1take.MP4,12
BON-dataset\Oxford\Oxford_1\1typeset.MP4,13
BON-dataset\Oxford\Oxford_1\1walk-2.MP4,14
BON-dataset\Oxford\Oxford_1\1walk.MP4,14
BON-dataset\Oxford\Oxford_1\1wash.MP4,15
BON-dataset\Oxford\Oxford_1\1whiteboard-2.MP4,16
BON-dataset\Oxford\Oxford_1\1whiteboard.MP4,16
BON-dataset\Oxford\Oxford_1\1write.MP4,17
BON-dataset\Oxford\Oxford_1\2chat.MP4,0
BON-dataset\Oxford\Oxford_1\2clean.MP4,1
BON-dataset\Oxford\Oxford_1\2drink.MP4,2
BON-dataset\Oxford\Oxford_1\2dry-2.MP4,3
BON-dataset\Oxford\Oxford_1\2dry.MP4,3
BON-dataset\Oxford\Oxford_1\2machine.MP4,4
BON-dataset\Oxford\Oxford_1\2microwave.MP4,5
BON-dataset\Oxford\Oxford_1\2mobile.MP4,6
BON-dataset\Oxford\Oxford_1\2paper.MP4,7
BON-dataset\Oxford\Oxford_1\2print.MP4,8
BON-dataset\Oxford\Oxford_1\2read.MP4,9
BON-dataset\Oxford\Oxford_1\2shake.MP4,10
BON-dataset\Oxford\Oxford_1\2staple.MP4,11
BON-dataset\Oxford\Oxford_1\2take.MP4,12
BON-dataset\Oxford\Oxford_1\2typeset.MP4,13
BON-dataset\Oxford\Oxford_1\2walk-2.MP4,14
BON-dataset\Oxford\Oxford_1\2walk.MP4,14
BON-dataset\Oxford\Oxford_1\2wash.MP4,15
BON-dataset\Oxford\Oxford_1\2whiteboard-2.MP4,16
BON-dataset\Oxford\Oxford_1\2whiteboard.MP4,16
BON-dataset\Oxford\Oxford_1\2write.MP4,17
BON-dataset\Oxford\Oxford_1\3chat.MP4,0
BON-dataset\Oxford\Oxford_1\3clean.MP4,1
BON-dataset\Oxford\Oxford_1\3drink.MP4,2
BON-dataset\Oxford\Oxford_1\3dry-2.MP4,3
BON-dataset\Oxford\Oxford_1\3machine.MP4,4
BON-dataset\Oxford\Oxford_1\3microwave.MP4,5
BON-dataset\Oxford\Oxford_1\3mobile.MP4,6
BON-dataset\Oxford\Oxford_1\3paper.MP4,7
BON-dataset\Oxford\Oxford_1\3print.MP4,8
BON-dataset\Oxford\Oxford_1\3read.MP4,9
BON-dataset\Oxford\Oxford_1\3shake.MP4,10
BON-dataset\Oxford\Oxford_1\3staple.MP4,11
BON-dataset\Oxford\Oxford_1\3take.MP4,12
BON-dataset\Oxford\Oxford_1\3typeset.MP4,13
BON-dataset\Oxford\Oxford_1\3walk-2.MP4,14
BON-dataset\Oxford\Oxford_1\3walk.MP4,14
BON-dataset\Oxford\Oxford_1\3wash.MP4,15
BON-dataset\Oxford\Oxford_1\3whiteboard-2.MP4,16
BON-dataset\Oxford\Oxford_1\3whiteboard.MP4,16
BON-dataset\Oxford\Oxford_1\3write.MP4,17
BON-dataset\Oxford\Oxford_1\4chat.MP4,0
BON-dataset\Oxford\Oxford_1\4clean.MP4,1
BON-dataset\Oxford\Oxford_1\4drink.MP4,2
BON-dataset\Oxford\Oxford_1\4machine.MP4,4
BON-dataset\Oxford\Oxford_1\4microwave.MP4,5
BON-dataset\Oxford\Oxford_1\4mobile.MP4,6
BON-dataset\Oxford\Oxford_1\4paper.MP4,7
BON-dataset\Oxford\Oxford_1\4print.MP4,8
BON-dataset\Oxford\Oxford_1\4read.MP4,9
BON-dataset\Oxford\Oxford_1\4staple.MP4,11
BON-dataset\Oxford\Oxford_1\4take.MP4,12
BON-dataset\Oxford\Oxford_1\4typeset.MP4,13
BON-dataset\Oxford\Oxford_1\4walk-2.MP4,14
BON-dataset\Oxford\Oxford_1\4walk.MP4,14
BON-dataset\Oxford\Oxford_1\4wash.MP4,15
BON-dataset\Oxford\Oxford_1\4whiteboard-2.MP4,16
BON-dataset\Oxford\Oxford_1\4whiteboard.MP4,16
BON-dataset\Oxford\Oxford_1\4write.MP4,17
BON-dataset\Oxford\Oxford_1\5chat.MP4,0
BON-dataset\Oxford\Oxford_1\5drink.MP4,2
BON-dataset\Oxford\Oxford_1\5machine.MP4,4
BON-dataset\Oxford\Oxford_1\5microwave.MP4,5
BON-dataset\Oxford\Oxford_1\5mobile.MP4,6
BON-dataset\Oxford\Oxford_1\5paper.MP4,7
BON-dataset\Oxford\Oxford_1\5print.MP4,8
BON-dataset\Oxford\Oxford_1\5read.MP4,9
BON-dataset\Oxford\Oxford_1\5staple.MP4,11
BON-dataset\Oxford\Oxford_1\5typeset.MP4,13
BON-dataset\Oxford\Oxford_1\5walk-2.MP4,14
BON-dataset\Oxford\Oxford_1\5wash.MP4,15
BON-dataset\Oxford\Oxford_1\5whiteboard.MP4,16
BON-dataset\Oxford\Oxford_1\5write.MP4,17
BON-dataset\Oxford\Oxford_1\6chat.MP4,0
BON-dataset\Oxford\Oxford_1\6drink.MP4,2
BON-dataset\Oxford\Oxford_1\6machine.MP4,4
BON-dataset\Oxford\Oxford_1\6microwave.MP4,5
BON-dataset\Oxford\Oxford_1\6mobile.MP4,6
BON-dataset\Oxford\Oxford_1\6paper.MP4,7
BON-dataset\Oxford\Oxford_1\6read.MP4,9
BON-dataset\Oxford\Oxford_1\6typeset.MP4,13
BON-dataset\Oxford\Oxford_1\6whiteboard.MP4,16
BON-dataset\Oxford\Oxford_1\6write.MP4,17
BON-dataset\Oxford\Oxford_1\7chat.MP4,0
BON-dataset\Oxford\Oxford_1\7drink.MP4,2
BON-dataset\Oxford\Oxford_1\7machine.MP4,4
BON-dataset\Oxford\Oxford_1\7microwave.MP4,5
BON-dataset\Oxford\Oxford_1\7mobile.MP4,6
BON-dataset\Oxford\Oxford_1\7paper.MP4,7
BON-dataset\Oxford\Oxford_1\7read.MP4,9
BON-dataset\Oxford\Oxford_1\7typeset.MP4,13
BON-dataset\Oxford\Oxford_1\7whiteboard.MP4,16
BON-dataset\Oxford\Oxford_1\7write.MP4,17
BON-dataset\Oxford\Oxford_1\8chat.MP4,0
BON-dataset\Oxford\Oxford_1\8drink.MP4,2
BON-dataset\Oxford\Oxford_1\8machine.MP4,4
BON-dataset\Oxford\Oxford_1\8mobile.MP4,6
BON-dataset\Oxford\Oxford_1\8paper.MP4,7
BON-dataset\Oxford\Oxford_1\8read.MP4,9
BON-dataset\Oxford\Oxford_1\8typeset.MP4,13
BON-dataset\Oxford\Oxford_1\8whiteboard.MP4,16
BON-dataset\Oxford\Oxford_1\8write.MP4,17
BON-dataset\Oxford\Oxford_1\9chat.MP4,0
BON-dataset\Oxford\Oxford_1\9drink.MP4,2
BON-dataset\Oxford\Oxford_1\9machine.MP4,4
BON-dataset\Oxford\Oxford_1\9paper.MP4,7
BON-dataset\Oxford\Oxford_1\9read.MP4,9
BON-dataset\Oxford\Oxford_1\9typeset.MP4,13
BON-dataset\Oxford\Oxford_1\9whiteboard.MP4,16
BON-dataset\Oxford\Oxford_1\9write.MP4,17
BON-dataset\Oxford\Oxford_2\0chat.MP4,0
BON-dataset\Oxford\Oxford_2\0clean.MP4,1
BON-dataset\Oxford\Oxford_2\0drink.MP4,2
BON-dataset\Oxford\Oxford_2\0dry.MP4,3
BON-dataset\Oxford\Oxford_2\0machine.MP4,4
BON-dataset\Oxford\Oxford_2\0microwave.MP4,5
BON-dataset\Oxford\Oxford_2\0mobile.MP4,6
BON-dataset\Oxford\Oxford_2\0paper.MP4,7
BON-dataset\Oxford\Oxford_2\0print.MP4,8
BON-dataset\Oxford\Oxford_2\0read.MP4,9
BON-dataset\Oxford\Oxford_2\0shake.MP4,10
BON-dataset\Oxford\Oxford_2\0staple.MP4,11
BON-dataset\Oxford\Oxford_2\0take.MP4,12
BON-dataset\Oxford\Oxford_2\0typeset.MP4,13
BON-dataset\Oxford\Oxford_2\0walk.MP4,14
BON-dataset\Oxford\Oxford_2\0wash.MP4,15
BON-dataset\Oxford\Oxford_2\0whiteboard.MP4,16
BON-dataset\Oxford\Oxford_2\0write.MP4,17
BON-dataset\Oxford\Oxford_2\10chat.MP4,0
BON-dataset\Oxford\Oxford_2\10drink.MP4,2
BON-dataset\Oxford\Oxford_2\10dry.MP4,3
BON-dataset\Oxford\Oxford_2\10microwave.MP4,5
BON-dataset\Oxford\Oxford_2\10mobile.MP4,6
BON-dataset\Oxford\Oxford_2\10paper.MP4,7
BON-dataset\Oxford\Oxford_2\10print.MP4,8
BON-dataset\Oxford\Oxford_2\10typeset.MP4,13
BON-dataset\Oxford\Oxford_2\10wash.MP4,15
BON-dataset\Oxford\Oxford_2\10whiteboard.MP4,16
BON-dataset\Oxford\Oxford_2\10write.MP4,17
BON-dataset\Oxford\Oxford_2\11chat.MP4,0
BON-dataset\Oxford\Oxford_2\11dry.MP4,3
BON-dataset\Oxford\Oxford_2\11microwave.MP4,5
BON-dataset\Oxford\Oxford_2\11paper.MP4,7
BON-dataset\Oxford\Oxford_2\11print.MP4,8
BON-dataset\Oxford\Oxford_2\11typeset.MP4,13
BON-dataset\Oxford\Oxford_2\11wash.MP4,15
BON-dataset\Oxford\Oxford_2\11whiteboard.MP4,16
BON-dataset\Oxford\Oxford_2\11write.MP4,17
BON-dataset\Oxford\Oxford_2\12chat.MP4,0
BON-dataset\Oxford\Oxford_2\12paper.MP4,7
BON-dataset\Oxford\Oxford_2\12print.MP4,8
BON-dataset\Oxford\Oxford_2\12typeset.MP4,13
BON-dataset\Oxford\Oxford_2\12whiteboard.MP4,16
BON-dataset\Oxford\Oxford_2\12write.MP4,17
BON-dataset\Oxford\Oxford_2\13paper.MP4,7
BON-dataset\Oxford\Oxford_2\13typeset.MP4,13
BON-dataset\Oxford\Oxford_2\13whiteboard.MP4,16
BON-dataset\Oxford\Oxford_2\13write.MP4,17
BON-dataset\Oxford\Oxford_2\14paper.MP4,7
BON-dataset\Oxford\Oxford_2\14typeset.MP4,13
BON-dataset\Oxford\Oxford_2\14write.MP4,17
BON-dataset\Oxford\Oxford_2\15paper.MP4,7
BON-dataset\Oxford\Oxford_2\15typeset.MP4,13
BON-dataset\Oxford\Oxford_2\16paper.MP4,7
BON-dataset\Oxford\Oxford_2\17paper.MP4,7
BON-dataset\Oxford\Oxford_2\18paper.MP4,7
BON-dataset\Oxford\Oxford_2\19paper.MP4,7
BON-dataset\Oxford\Oxford_2\1chat.MP4,0
BON-dataset\Oxford\Oxford_2\1clean.MP4,1
BON-dataset\Oxford\Oxford_2\1drink.MP4,2
BON-dataset\Oxford\Oxford_2\1dry.MP4,3
BON-dataset\Oxford\Oxford_2\1machine.MP4,4
BON-dataset\Oxford\Oxford_2\1microwave.MP4,5
BON-dataset\Oxford\Oxford_2\1mobile.MP4,6
BON-dataset\Oxford\Oxford_2\1paper.MP4,7
BON-dataset\Oxford\Oxford_2\1print.MP4,8
BON-dataset\Oxford\Oxford_2\1read.MP4,9
BON-dataset\Oxford\Oxford_2\1shake.MP4,10
BON-dataset\Oxford\Oxford_2\1staple.MP4,11
BON-dataset\Oxford\Oxford_2\1take.MP4,12
BON-dataset\Oxford\Oxford_2\1typeset.MP4,13
BON-dataset\Oxford\Oxford_2\1walk.MP4,14
BON-dataset\Oxford\Oxford_2\1wash.MP4,15
BON-dataset\Oxford\Oxford_2\1whiteboard.MP4,16
BON-dataset\Oxford\Oxford_2\1write.MP4,17
BON-dataset\Oxford\Oxford_2\20paper.MP4,7
BON-dataset\Oxford\Oxford_2\2chat.MP4,0
BON-dataset\Oxford\Oxford_2\2clean.MP4,1
BON-dataset\Oxford\Oxford_2\2drink.MP4,2
BON-dataset\Oxford\Oxford_2\2dry.MP4,3
BON-dataset\Oxford\Oxford_2\2machine.MP4,4
BON-dataset\Oxford\Oxford_2\2microwave.MP4,5
BON-dataset\Oxford\Oxford_2\2mobile.MP4,6
BON-dataset\Oxford\Oxford_2\2paper.MP4,7
BON-dataset\Oxford\Oxford_2\2print.MP4,8
BON-dataset\Oxford\Oxford_2\2read.MP4,9
BON-dataset\Oxford\Oxford_2\2shake.MP4,10
BON-dataset\Oxford\Oxford_2\2staple.MP4,11
BON-dataset\Oxford\Oxford_2\2take.MP4,12
BON-dataset\Oxford\Oxford_2\2typeset.MP4,13
BON-dataset\Oxford\Oxford_2\2walk.MP4,14
BON-dataset\Oxford\Oxford_2\2wash.MP4,15
BON-dataset\Oxford\Oxford_2\2whiteboard.MP4,16
BON-dataset\Oxford\Oxford_2\2write.MP4,17
BON-dataset\Oxford\Oxford_2\3chat.MP4,0
BON-dataset\Oxford\Oxford_2\3clean.MP4,1
BON-dataset\Oxford\Oxford_2\3drink.MP4,2
BON-dataset\Oxford\Oxford_2\3dry.MP4,3
BON-dataset\Oxford\Oxford_2\3machine.MP4,4
BON-dataset\Oxford\Oxford_2\3microwave.MP4,5
BON-dataset\Oxford\Oxford_2\3mobile.MP4,6
BON-dataset\Oxford\Oxford_2\3paper.MP4,7
BON-dataset\Oxford\Oxford_2\3print.MP4,8
BON-dataset\Oxford\Oxford_2\3read.MP4,9
BON-dataset\Oxford\Oxford_2\3shake.MP4,10
BON-dataset\Oxford\Oxford_2\3staple.MP4,11
BON-dataset\Oxford\Oxford_2\3take.MP4,12
BON-dataset\Oxford\Oxford_2\3typeset.MP4,13
BON-dataset\Oxford\Oxford_2\3walk.MP4,14
BON-dataset\Oxford\Oxford_2\3wash.MP4,15
BON-dataset\Oxford\Oxford_2\3whiteboard.MP4,16
BON-dataset\Oxford\Oxford_2\3write.MP4,17
BON-dataset\Oxford\Oxford_2\4chat.MP4,0
BON-dataset\Oxford\Oxford_2\4clean.MP4,1
BON-dataset\Oxford\Oxford_2\4drink.MP4,2
BON-dataset\Oxford\Oxford_2\4dry.MP4,3
BON-dataset\Oxford\Oxford_2\4machine.MP4,4
BON-dataset\Oxford\Oxford_2\4microwave.MP4,5
BON-dataset\Oxford\Oxford_2\4mobile.MP4,6
BON-dataset\Oxford\Oxford_2\4paper.MP4,7
BON-dataset\Oxford\Oxford_2\4print.MP4,8
BON-dataset\Oxford\Oxford_2\4read.MP4,9
BON-dataset\Oxford\Oxford_2\4staple.MP4,11
BON-dataset\Oxford\Oxford_2\4take.MP4,12
BON-dataset\Oxford\Oxford_2\4typeset.MP4,13
BON-dataset\Oxford\Oxford_2\4walk.MP4,14
BON-dataset\Oxford\Oxford_2\4wash.MP4,15
BON-dataset\Oxford\Oxford_2\4whiteboard.MP4,16
BON-dataset\Oxford\Oxford_2\4write.MP4,17
BON-dataset\Oxford\Oxford_2\5chat.MP4,0
BON-dataset\Oxford\Oxford_2\5clean.MP4,1
BON-dataset\Oxford\Oxford_2\5drink.MP4,2
BON-dataset\Oxford\Oxford_2\5dry.MP4,3
BON-dataset\Oxford\Oxford_2\5machine.MP4,4
BON-dataset\Oxford\Oxford_2\5microwave.MP4,5
BON-dataset\Oxford\Oxford_2\5mobile.MP4,6
BON-dataset\Oxford\Oxford_2\5paper.MP4,7
BON-dataset\Oxford\Oxford_2\5print.MP4,8
BON-dataset\Oxford\Oxford_2\5read.MP4,9
BON-dataset\Oxford\Oxford_2\5staple.MP4,11
BON-dataset\Oxford\Oxford_2\5typeset.MP4,13
BON-dataset\Oxford\Oxford_2\5walk.MP4,14
BON-dataset\Oxford\Oxford_2\5wash.MP4,15
BON-dataset\Oxford\Oxford_2\5whiteboard.MP4,16
BON-dataset\Oxford\Oxford_2\5write.MP4,17
BON-dataset\Oxford\Oxford_2\6chat.MP4,0
BON-dataset\Oxford\Oxford_2\6clean.MP4,1
BON-dataset\Oxford\Oxford_2\6drink.MP4,2
BON-dataset\Oxford\Oxford_2\6dry.MP4,3
BON-dataset\Oxford\Oxford_2\6machine.MP4,4
BON-dataset\Oxford\Oxford_2\6microwave.MP4,5
BON-dataset\Oxford\Oxford_2\6mobile.MP4,6
BON-dataset\Oxford\Oxford_2\6paper.MP4,7
BON-dataset\Oxford\Oxford_2\6print.MP4,8
BON-dataset\Oxford\Oxford_2\6read.MP4,9
BON-dataset\Oxford\Oxford_2\6staple.MP4,11
BON-dataset\Oxford\Oxford_2\6typeset.MP4,13
BON-dataset\Oxford\Oxford_2\6walk.MP4,14
BON-dataset\Oxford\Oxford_2\6wash.MP4,15
BON-dataset\Oxford\Oxford_2\6whiteboard.MP4,16
BON-dataset\Oxford\Oxford_2\6write.MP4,17
BON-dataset\Oxford\Oxford_2\7chat.MP4,0
BON-dataset\Oxford\Oxford_2\7drink.MP4,2
BON-dataset\Oxford\Oxford_2\7dry.MP4,3
BON-dataset\Oxford\Oxford_2\7machine.MP4,4
BON-dataset\Oxford\Oxford_2\7microwave.MP4,5
BON-dataset\Oxford\Oxford_2\7mobile.MP4,6
BON-dataset\Oxford\Oxford_2\7paper.MP4,7
BON-dataset\Oxford\Oxford_2\7print.MP4,8
BON-dataset\Oxford\Oxford_2\7read.MP4,9
BON-dataset\Oxford\Oxford_2\7staple.MP4,11
BON-dataset\Oxford\Oxford_2\7typeset.MP4,13
BON-dataset\Oxford\Oxford_2\7walk.MP4,14
BON-dataset\Oxford\Oxford_2\7wash.MP4,15
BON-dataset\Oxford\Oxford_2\7whiteboard.MP4,16
BON-dataset\Oxford\Oxford_2\7write.MP4,17
BON-dataset\Oxford\Oxford_2\8chat.MP4,0
BON-dataset\Oxford\Oxford_2\8drink.MP4,2
BON-dataset\Oxford\Oxford_2\8dry.MP4,3
BON-dataset\Oxford\Oxford_2\8machine.MP4,4
BON-dataset\Oxford\Oxford_2\8microwave.MP4,5
BON-dataset\Oxford\Oxford_2\8mobile.MP4,6
BON-dataset\Oxford\Oxford_2\8paper.MP4,7
BON-dataset\Oxford\Oxford_2\8print.MP4,8
BON-dataset\Oxford\Oxford_2\8read.MP4,9
BON-dataset\Oxford\Oxford_2\8staple.MP4,11
BON-dataset\Oxford\Oxford_2\8typeset.MP4,13
BON-dataset\Oxford\Oxford_2\8walk.MP4,14
BON-dataset\Oxford\Oxford_2\8wash.MP4,15
BON-dataset\Oxford\Oxford_2\8whiteboard.MP4,16
BON-dataset\Oxford\Oxford_2\8write.MP4,17
BON-dataset\Oxford\Oxford_2\9chat.MP4,0
BON-dataset\Oxford\Oxford_2\9drink.MP4,2
BON-dataset\Oxford\Oxford_2\9dry.MP4,3
BON-dataset\Oxford\Oxford_2\9microwave.MP4,5
BON-dataset\Oxford\Oxford_2\9mobile.MP4,6
BON-dataset\Oxford\Oxford_2\9paper.MP4,7
BON-dataset\Oxford\Oxford_2\9print.MP4,8
BON-dataset\Oxford\Oxford_2\9staple.MP4,11
BON-dataset\Oxford\Oxford_2\9typeset.MP4,13
BON-dataset\Oxford\Oxford_2\9wash.MP4,15
BON-dataset\Oxford\Oxford_2\9whiteboard.MP4,16
BON-dataset\Oxford\Oxford_2\9write.MP4,17
BON-dataset\Oxford\Oxford_3\0chat.MP4,0
BON-dataset\Oxford\Oxford_3\0clean.MP4,1
BON-dataset\Oxford\Oxford_3\0drink.MP4,2
BON-dataset\Oxford\Oxford_3\0dry.MP4,3
BON-dataset\Oxford\Oxford_3\0machine.MP4,4
BON-dataset\Oxford\Oxford_3\0microwave.MP4,5
BON-dataset\Oxford\Oxford_3\0mobile.MP4,6
BON-dataset\Oxford\Oxford_3\0paper.MP4,7
BON-dataset\Oxford\Oxford_3\0print.MP4,8
BON-dataset\Oxford\Oxford_3\0read.MP4,9
BON-dataset\Oxford\Oxford_3\0shake.MP4,10
BON-dataset\Oxford\Oxford_3\0staple-2.MP4,11
BON-dataset\Oxford\Oxford_3\0staple.MP4,11
BON-dataset\Oxford\Oxford_3\0take-2.MP4,12
BON-dataset\Oxford\Oxford_3\0take-3.MP4,12
BON-dataset\Oxford\Oxford_3\0take.MP4,12
BON-dataset\Oxford\Oxford_3\0typeset.MP4,13
BON-dataset\Oxford\Oxford_3\0walk.MP4,14
BON-dataset\Oxford\Oxford_3\0wash.MP4,15
BON-dataset\Oxford\Oxford_3\0whiteboard-2.MP4,16
BON-dataset\Oxford\Oxford_3\0whiteboard.MP4,16
BON-dataset\Oxford\Oxford_3\0write.MP4,17
BON-dataset\Oxford\Oxford_3\10chat.MP4,0
BON-dataset\Oxford\Oxford_3\10clean.MP4,1
BON-dataset\Oxford\Oxford_3\10machine.MP4,4
BON-dataset\Oxford\Oxford_3\10microwave.MP4,5
BON-dataset\Oxford\Oxford_3\10mobile.MP4,6
BON-dataset\Oxford\Oxford_3\10paper.MP4,7
BON-dataset\Oxford\Oxford_3\10read.MP4,9
BON-dataset\Oxford\Oxford_3\10typeset.MP4,13
BON-dataset\Oxford\Oxford_3\10whiteboard-2.MP4,16
BON-dataset\Oxford\Oxford_3\10write.MP4,17
BON-dataset\Oxford\Oxford_3\11chat.MP4,0
BON-dataset\Oxford\Oxford_3\11clean.MP4,1
BON-dataset\Oxford\Oxford_3\11microwave.MP4,5
BON-dataset\Oxford\Oxford_3\11mobile.MP4,6
BON-dataset\Oxford\Oxford_3\11paper.MP4,7
BON-dataset\Oxford\Oxford_3\11read.MP4,9
BON-dataset\Oxford\Oxford_3\11typeset.MP4,13
BON-dataset\Oxford\Oxford_3\11whiteboard-2.MP4,16
BON-dataset\Oxford\Oxford_3\11write.MP4,17
BON-dataset\Oxford\Oxford_3\12chat.MP4,0
BON-dataset\Oxford\Oxford_3\12microwave.MP4,5
BON-dataset\Oxford\Oxford_3\12mobile.MP4,6
BON-dataset\Oxford\Oxford_3\12paper.MP4,7
BON-dataset\Oxford\Oxford_3\12read.MP4,9
BON-dataset\Oxford\Oxford_3\12typeset.MP4,13
BON-dataset\Oxford\Oxford_3\12whiteboard-2.MP4,16
BON-dataset\Oxford\Oxford_3\13microwave.MP4,5
BON-dataset\Oxford\Oxford_3\13mobile.MP4,6
BON-dataset\Oxford\Oxford_3\13read.MP4,9
BON-dataset\Oxford\Oxford_3\13typeset.MP4,13
BON-dataset\Oxford\Oxford_3\13whiteboard-2.MP4,16
BON-dataset\Oxford\Oxford_3\14microwave.MP4,5
BON-dataset\Oxford\Oxford_3\14mobile.MP4,6
BON-dataset\Oxford\Oxford_3\14typeset.MP4,13
BON-dataset\Oxford\Oxford_3\15mobile.MP4,6
BON-dataset\Oxford\Oxford_3\1chat.MP4,0
BON-dataset\Oxford\Oxford_3\1clean.MP4,1
BON-dataset\Oxford\Oxford_3\1drink.MP4,2
BON-dataset\Oxford\Oxford_3\1dry.MP4,3
BON-dataset\Oxford\Oxford_3\1machine.MP4,4
BON-dataset\Oxford\Oxford_3\1microwave.MP4,5
BON-dataset\Oxford\Oxford_3\1mobile.MP4,6
BON-dataset\Oxford\Oxford_3\1paper.MP4,7
BON-dataset\Oxford\Oxford_3\1print.MP4,8
BON-dataset\Oxford\Oxford_3\1read.MP4,9
BON-dataset\Oxford\Oxford_3\1shake.MP4,10
BON-dataset\Oxford\Oxford_3\1staple-2.MP4,11
BON-dataset\Oxford\Oxford_3\1staple.MP4,11
BON-dataset\Oxford\Oxford_3\1take-2.MP4,12
BON-dataset\Oxford\Oxford_3\1take-3.MP4,12
BON-dataset\Oxford\Oxford_3\1take.MP4,12
BON-dataset\Oxford\Oxford_3\1typeset.MP4,13
BON-dataset\Oxford\Oxford_3\1walk.MP4,14
BON-dataset\Oxford\Oxford_3\1wash.MP4,15
BON-dataset\Oxford\Oxford_3\1whiteboard-2.MP4,16
BON-dataset\Oxford\Oxford_3\1whiteboard.MP4,16
BON-dataset\Oxford\Oxford_3\1write.MP4,17
BON-dataset\Oxford\Oxford_3\2chat.MP4,0
BON-dataset\Oxford\Oxford_3\2clean.MP4,1
BON-dataset\Oxford\Oxford_3\2drink.MP4,2
BON-dataset\Oxford\Oxford_3\2dry.MP4,3
BON-dataset\Oxford\Oxford_3\2machine.MP4,4
BON-dataset\Oxford\Oxford_3\2microwave.MP4,5
BON-dataset\Oxford\Oxford_3\2mobile.MP4,6
BON-dataset\Oxford\Oxford_3\2paper.MP4,7
BON-dataset\Oxford\Oxford_3\2print.MP4,8
BON-dataset\Oxford\Oxford_3\2read.MP4,9
BON-dataset\Oxford\Oxford_3\2shake.MP4,10
BON-dataset\Oxford\Oxford_3\2staple-2.MP4,11
BON-dataset\Oxford\Oxford_3\2staple.MP4,11
BON-dataset\Oxford\Oxford_3\2take-3.MP4,12
BON-dataset\Oxford\Oxford_3\2typeset.MP4,13
BON-dataset\Oxford\Oxford_3\2walk.MP4,14
BON-dataset\Oxford\Oxford_3\2wash.MP4,15
BON-dataset\Oxford\Oxford_3\2whiteboard-2.MP4,16
BON-dataset\Oxford\Oxford_3\2whiteboard.MP4,16
BON-dataset\Oxford\Oxford_3\2write.MP4,17
BON-dataset\Oxford\Oxford_3\3chat.MP4,0
BON-dataset\Oxford\Oxford_3\3clean.MP4,1
BON-dataset\Oxford\Oxford_3\3drink.MP4,2
BON-dataset\Oxford\Oxford_3\3dry.MP4,3
BON-dataset\Oxford\Oxford_3\3machine.MP4,4
BON-dataset\Oxford\Oxford_3\3microwave.MP4,5
BON-dataset\Oxford\Oxford_3\3mobile.MP4,6
BON-dataset\Oxford\Oxford_3\3paper.MP4,7
BON-dataset\Oxford\Oxford_3\3read.MP4,9
BON-dataset\Oxford\Oxford_3\3staple-2.MP4,11
BON-dataset\Oxford\Oxford_3\3take-3.MP4,12
BON-dataset\Oxford\Oxford_3\3typeset.MP4,13
BON-dataset\Oxford\Oxford_3\3walk.MP4,14
BON-dataset\Oxford\Oxford_3\3wash.MP4,15
BON-dataset\Oxford\Oxford_3\3whiteboard-2.MP4,16
BON-dataset\Oxford\Oxford_3\3whiteboard.MP4,16
BON-dataset\Oxford\Oxford_3\3write.MP4,17
BON-dataset\Oxford\Oxford_3\4chat.MP4,0
BON-dataset\Oxford\Oxford_3\4clean.MP4,1
BON-dataset\Oxford\Oxford_3\4drink.MP4,2
BON-dataset\Oxford\Oxford_3\4dry.MP4,3
BON-dataset\Oxford\Oxford_3\4machine.MP4,4
BON-dataset\Oxford\Oxford_3\4microwave.MP4,5
BON-dataset\Oxford\Oxford_3\4mobile.MP4,6
BON-dataset\Oxford\Oxford_3\4paper.MP4,7
BON-dataset\Oxford\Oxford_3\4read.MP4,9
BON-dataset\Oxford\Oxford_3\4staple-2.MP4,11
BON-dataset\Oxford\Oxford_3\4take-3.MP4,12
BON-dataset\Oxford\Oxford_3\4typeset.MP4,13
BON-dataset\Oxford\Oxford_3\4walk.MP4,14
BON-dataset\Oxford\Oxford_3\4wash.MP4,15
BON-dataset\Oxford\Oxford_3\4whiteboard-2.MP4,16
BON-dataset\Oxford\Oxford_3\4write.MP4,17
BON-dataset\Oxford\Oxford_3\5chat.MP4,0
BON-dataset\Oxford\Oxford_3\5clean.MP4,1
BON-dataset\Oxford\Oxford_3\5drink.MP4,2
BON-dataset\Oxford\Oxford_3\5dry.MP4,3
BON-dataset\Oxford\Oxford_3\5machine.MP4,4
BON-dataset\Oxford\Oxford_3\5microwave.MP4,5
BON-dataset\Oxford\Oxford_3\5mobile.MP4,6
BON-dataset\Oxford\Oxford_3\5paper.MP4,7
BON-dataset\Oxford\Oxford_3\5read.MP4,9
BON-dataset\Oxford\Oxford_3\5staple-2.MP4,11
BON-dataset\Oxford\Oxford_3\5typeset.MP4,13
BON-dataset\Oxford\Oxford_3\5walk.MP4,14
BON-dataset\Oxford\Oxford_3\5wash.MP4,15
BON-dataset\Oxford\Oxford_3\5whiteboard-2.MP4,16
BON-dataset\Oxford\Oxford_3\5write.MP4,17
BON-dataset\Oxford\Oxford_3\6chat.MP4,0
BON-dataset\Oxford\Oxford_3\6clean.MP4,1
BON-dataset\Oxford\Oxford_3\6drink.MP4,2
BON-dataset\Oxford\Oxford_3\6dry.MP4,3
BON-dataset\Oxford\Oxford_3\6machine.MP4,4
BON-dataset\Oxford\Oxford_3\6microwave.MP4,5
BON-dataset\Oxford\Oxford_3\6mobile.MP4,6
BON-dataset\Oxford\Oxford_3\6paper.MP4,7
BON-dataset\Oxford\Oxford_3\6read.MP4,9
BON-dataset\Oxford\Oxford_3\6typeset.MP4,13
BON-dataset\Oxford\Oxford_3\6walk.MP4,14
BON-dataset\Oxford\Oxford_3\6wash.MP4,15
BON-dataset\Oxford\Oxford_3\6whiteboard-2.MP4,16
BON-dataset\Oxford\Oxford_3\6write.MP4,17
BON-dataset\Oxford\Oxford_3\7chat.MP4,0
BON-dataset\Oxford\Oxford_3\7clean.MP4,1
BON-dataset\Oxford\Oxford_3\7drink.MP4,2
BON-dataset\Oxford\Oxford_3\7dry.MP4,3
BON-dataset\Oxford\Oxford_3\7machine.MP4,4
BON-dataset\Oxford\Oxford_3\7microwave.MP4,5
BON-dataset\Oxford\Oxford_3\7mobile.MP4,6
BON-dataset\Oxford\Oxford_3\7paper.MP4,7
BON-dataset\Oxford\Oxford_3\7read.MP4,9
BON-dataset\Oxford\Oxford_3\7typeset.MP4,13
BON-dataset\Oxford\Oxford_3\7walk.MP4,14
BON-dataset\Oxford\Oxford_3\7wash.MP4,15
BON-dataset\Oxford\Oxford_3\7whiteboard-2.MP4,16
BON-dataset\Oxford\Oxford_3\7write.MP4,17
BON-dataset\Oxford\Oxford_3\8chat.MP4,0
BON-dataset\Oxford\Oxford_3\8clean.MP4,1
BON-dataset\Oxford\Oxford_3\8dry.MP4,3
BON-dataset\Oxford\Oxford_3\8machine.MP4,4
BON-dataset\Oxford\Oxford_3\8microwave.MP4,5
BON-dataset\Oxford\Oxford_3\8mobile.MP4,6
BON-dataset\Oxford\Oxford_3\8paper.MP4,7
BON-dataset\Oxford\Oxford_3\8read.MP4,9
BON-dataset\Oxford\Oxford_3\8typeset.MP4,13
BON-dataset\Oxford\Oxford_3\8walk.MP4,14
BON-dataset\Oxford\Oxford_3\8wash.MP4,15
BON-dataset\Oxford\Oxford_3\8whiteboard-2.MP4,16
BON-dataset\Oxford\Oxford_3\8write.MP4,17
BON-dataset\Oxford\Oxford_3\9chat.MP4,0
BON-dataset\Oxford\Oxford_3\9clean.MP4,1
BON-dataset\Oxford\Oxford_3\9machine.MP4,4
BON-dataset\Oxford\Oxford_3\9microwave.MP4,5
BON-dataset\Oxford\Oxford_3\9mobile.MP4,6
BON-dataset\Oxford\Oxford_3\9paper.MP4,7
BON-dataset\Oxford\Oxford_3\9read.MP4,9
BON-dataset\Oxford\Oxford_3\9typeset.MP4,13
BON-dataset\Oxford\Oxford_3\9whiteboard-2.MP4,16
BON-dataset\Oxford\Oxford_3\9write.MP4,17
BON-dataset\Oxford\Oxford_4\0chat.MP4,0
BON-dataset\Oxford\Oxford_4\0clean.MP4,1
BON-dataset\Oxford\Oxford_4\0drink.MP4,2
BON-dataset\Oxford\Oxford_4\0dry.MP4,3
BON-dataset\Oxford\Oxford_4\0machine.MP4,4
BON-dataset\Oxford\Oxford_4\0microwave.MP4,5
BON-dataset\Oxford\Oxford_4\0mobile.MP4,6
BON-dataset\Oxford\Oxford_4\0paper.MP4,7
BON-dataset\Oxford\Oxford_4\0print.MP4,8
BON-dataset\Oxford\Oxford_4\0read.MP4,9
BON-dataset\Oxford\Oxford_4\0shake.MP4,10
BON-dataset\Oxford\Oxford_4\0staple.MP4,11
BON-dataset\Oxford\Oxford_4\0take.MP4,12
BON-dataset\Oxford\Oxford_4\0typeset.MP4,13
BON-dataset\Oxford\Oxford_4\0walk.MP4,14
BON-dataset\Oxford\Oxford_4\0wash.MP4,15
BON-dataset\Oxford\Oxford_4\0whiteboard.MP4,16
BON-dataset\Oxford\Oxford_4\0write.MP4,17
BON-dataset\Oxford\Oxford_4\10chat.MP4,0
BON-dataset\Oxford\Oxford_4\10machine.MP4,4
BON-dataset\Oxford\Oxford_4\10microwave.MP4,5
BON-dataset\Oxford\Oxford_4\10mobile.MP4,6
BON-dataset\Oxford\Oxford_4\10typeset.MP4,13
BON-dataset\Oxford\Oxford_4\10whiteboard.MP4,16
BON-dataset\Oxford\Oxford_4\10write.MP4,17
BON-dataset\Oxford\Oxford_4\11chat.MP4,0
BON-dataset\Oxford\Oxford_4\11microwave.MP4,5
BON-dataset\Oxford\Oxford_4\11mobile.MP4,6
BON-dataset\Oxford\Oxford_4\11typeset.MP4,13
BON-dataset\Oxford\Oxford_4\11whiteboard.MP4,16
BON-dataset\Oxford\Oxford_4\11write.MP4,17
BON-dataset\Oxford\Oxford_4\12chat.MP4,0
BON-dataset\Oxford\Oxford_4\12mobile.MP4,6
BON-dataset\Oxford\Oxford_4\12typeset.MP4,13
BON-dataset\Oxford\Oxford_4\12write.MP4,17
BON-dataset\Oxford\Oxford_4\13chat.MP4,0
BON-dataset\Oxford\Oxford_4\13typeset.MP4,13
BON-dataset\Oxford\Oxford_4\13write.MP4,17
BON-dataset\Oxford\Oxford_4\14chat.MP4,0
BON-dataset\Oxford\Oxford_4\14typeset.MP4,13
BON-dataset\Oxford\Oxford_4\15chat.MP4,0
BON-dataset\Oxford\Oxford_4\15typeset.MP4,13
BON-dataset\Oxford\Oxford_4\16chat.MP4,0
BON-dataset\Oxford\Oxford_4\16typeset.MP4,13
BON-dataset\Oxford\Oxford_4\17chat.MP4,0
BON-dataset\Oxford\Oxford_4\17typeset.MP4,13
BON-dataset\Oxford\Oxford_4\18chat.MP4,0
BON-dataset\Oxford\Oxford_4\18typeset.MP4,13
BON-dataset\Oxford\Oxford_4\19chat.MP4,0
BON-dataset\Oxford\Oxford_4\1chat.MP4,0
BON-dataset\Oxford\Oxford_4\1clean.MP4,1
BON-dataset\Oxford\Oxford_4\1drink.MP4,2
BON-dataset\Oxford\Oxford_4\1dry.MP4,3
BON-dataset\Oxford\Oxford_4\1machine.MP4,4
BON-dataset\Oxford\Oxford_4\1microwave.MP4,5
BON-dataset\Oxford\Oxford_4\1mobile.MP4,6
BON-dataset\Oxford\Oxford_4\1paper.MP4,7
BON-dataset\Oxford\Oxford_4\1print.MP4,8
BON-dataset\Oxford\Oxford_4\1read.MP4,9
BON-dataset\Oxford\Oxford_4\1shake.MP4,10
BON-dataset\Oxford\Oxford_4\1staple.MP4,11
BON-dataset\Oxford\Oxford_4\1take.MP4,12
BON-dataset\Oxford\Oxford_4\1typeset.MP4,13
BON-dataset\Oxford\Oxford_4\1walk.MP4,14
BON-dataset\Oxford\Oxford_4\1wash.MP4,15
BON-dataset\Oxford\Oxford_4\1whiteboard.MP4,16
BON-dataset\Oxford\Oxford_4\1write.MP4,17
BON-dataset\Oxford\Oxford_4\2chat.MP4,0
BON-dataset\Oxford\Oxford_4\2clean.MP4,1
BON-dataset\Oxford\Oxford_4\2drink.MP4,2
BON-dataset\Oxford\Oxford_4\2dry.MP4,3
BON-dataset\Oxford\Oxford_4\2machine.MP4,4
BON-dataset\Oxford\Oxford_4\2microwave.MP4,5
BON-dataset\Oxford\Oxford_4\2mobile.MP4,6
BON-dataset\Oxford\Oxford_4\2paper.MP4,7
BON-dataset\Oxford\Oxford_4\2print.MP4,8
BON-dataset\Oxford\Oxford_4\2read.MP4,9
BON-dataset\Oxford\Oxford_4\2shake.MP4,10
BON-dataset\Oxford\Oxford_4\2staple.MP4,11
BON-dataset\Oxford\Oxford_4\2take.MP4,12
BON-dataset\Oxford\Oxford_4\2typeset.MP4,13
BON-dataset\Oxford\Oxford_4\2walk.MP4,14
BON-dataset\Oxford\Oxford_4\2wash.MP4,15
BON-dataset\Oxford\Oxford_4\2whiteboard.MP4,16
BON-dataset\Oxford\Oxford_4\2write.MP4,17
BON-dataset\Oxford\Oxford_4\3chat.MP4,0
BON-dataset\Oxford\Oxford_4\3clean.MP4,1
BON-dataset\Oxford\Oxford_4\3drink.MP4,2
BON-dataset\Oxford\Oxford_4\3dry.MP4,3
BON-dataset\Oxford\Oxford_4\3machine.MP4,4
BON-dataset\Oxford\Oxford_4\3microwave.MP4,5
BON-dataset\Oxford\Oxford_4\3mobile.MP4,6
BON-dataset\Oxford\Oxford_4\3paper.MP4,7
BON-dataset\Oxford\Oxford_4\3print.MP4,8
BON-dataset\Oxford\Oxford_4\3read.MP4,9
BON-dataset\Oxford\Oxford_4\3shake.MP4,10
BON-dataset\Oxford\Oxford_4\3staple.MP4,11
BON-dataset\Oxford\Oxford_4\3take.MP4,12
BON-dataset\Oxford\Oxford_4\3typeset.MP4,13
BON-dataset\Oxford\Oxford_4\3walk.MP4,14
BON-dataset\Oxford\Oxford_4\3wash.MP4,15
BON-dataset\Oxford\Oxford_4\3whiteboard.MP4,16
BON-dataset\Oxford\Oxford_4\3write.MP4,17
BON-dataset\Oxford\Oxford_4\4chat.MP4,0
BON-dataset\Oxford\Oxford_4\4clean.MP4,1
BON-dataset\Oxford\Oxford_4\4drink.MP4,2
BON-dataset\Oxford\Oxford_4\4dry.MP4,3
BON-dataset\Oxford\Oxford_4\4machine.MP4,4
BON-dataset\Oxford\Oxford_4\4microwave.MP4,5
BON-dataset\Oxford\Oxford_4\4mobile.MP4,6
BON-dataset\Oxford\Oxford_4\4paper.MP4,7
BON-dataset\Oxford\Oxford_4\4print.MP4,8
BON-dataset\Oxford\Oxford_4\4read.MP4,9
BON-dataset\Oxford\Oxford_4\4shake.MP4,10
BON-dataset\Oxford\Oxford_4\4staple.MP4,11
BON-dataset\Oxford\Oxford_4\4take.MP4,12
BON-dataset\Oxford\Oxford_4\4typeset.MP4,13
BON-dataset\Oxford\Oxford_4\4walk.MP4,14
BON-dataset\Oxford\Oxford_4\4wash.MP4,15
BON-dataset\Oxford\Oxford_4\4whiteboard.MP4,16
BON-dataset\Oxford\Oxford_4\4write.MP4,17
BON-dataset\Oxford\Oxford_4\5chat.MP4,0
BON-dataset\Oxford\Oxford_4\5clean.MP4,1
BON-dataset\Oxford\Oxford_4\5drink.MP4,2
BON-dataset\Oxford\Oxford_4\5dry.MP4,3
BON-dataset\Oxford\Oxford_4\5machine.MP4,4
BON-dataset\Oxford\Oxford_4\5microwave.MP4,5
BON-dataset\Oxford\Oxford_4\5mobile.MP4,6
BON-dataset\Oxford\Oxford_4\5paper.MP4,7
BON-dataset\Oxford\Oxford_4\5print.MP4,8
BON-dataset\Oxford\Oxford_4\5read.MP4,9
BON-dataset\Oxford\Oxford_4\5staple.MP4,11
BON-dataset\Oxford\Oxford_4\5typeset.MP4,13
BON-dataset\Oxford\Oxford_4\5walk.MP4,14
BON-dataset\Oxford\Oxford_4\5wash.MP4,15
BON-dataset\Oxford\Oxford_4\5whiteboard.MP4,16
BON-dataset\Oxford\Oxford_4\5write.MP4,17
BON-dataset\Oxford\Oxford_4\6chat.MP4,0
BON-dataset\Oxford\Oxford_4\6clean.MP4,1
BON-dataset\Oxford\Oxford_4\6drink.MP4,2
BON-dataset\Oxford\Oxford_4\6dry.MP4,3
BON-dataset\Oxford\Oxford_4\6machine.MP4,4
BON-dataset\Oxford\Oxford_4\6microwave.MP4,5
BON-dataset\Oxford\Oxford_4\6mobile.MP4,6
BON-dataset\Oxford\Oxford_4\6paper.MP4,7
BON-dataset\Oxford\Oxford_4\6print.MP4,8
BON-dataset\Oxford\Oxford_4\6read.MP4,9
BON-dataset\Oxford\Oxford_4\6typeset.MP4,13
BON-dataset\Oxford\Oxford_4\6walk.MP4,14
BON-dataset\Oxford\Oxford_4\6wash.MP4,15
BON-dataset\Oxford\Oxford_4\6whiteboard.MP4,16
BON-dataset\Oxford\Oxford_4\6write.MP4,17
BON-dataset\Oxford\Oxford_4\7chat.MP4,0
BON-dataset\Oxford\Oxford_4\7drink.MP4,2
BON-dataset\Oxford\Oxford_4\7machine.MP4,4
BON-dataset\Oxford\Oxford_4\7microwave.MP4,5
BON-dataset\Oxford\Oxford_4\7mobile.MP4,6
BON-dataset\Oxford\Oxford_4\7paper.MP4,7
BON-dataset\Oxford\Oxford_4\7read.MP4,9
BON-dataset\Oxford\Oxford_4\7typeset.MP4,13
BON-dataset\Oxford\Oxford_4\7walk.MP4,14
BON-dataset\Oxford\Oxford_4\7wash.MP4,15
BON-dataset\Oxford\Oxford_4\7whiteboard.MP4,16
BON-dataset\Oxford\Oxford_4\7write.MP4,17
BON-dataset\Oxford\Oxford_4\8chat.MP4,0
BON-dataset\Oxford\Oxford_4\8drink.MP4,2
BON-dataset\Oxford\Oxford_4\8machine.MP4,4
BON-dataset\Oxford\Oxford_4\8microwave.MP4,5
BON-dataset\Oxford\Oxford_4\8mobile.MP4,6
BON-dataset\Oxford\Oxford_4\8paper.MP4,7
BON-dataset\Oxford\Oxford_4\8read.MP4,9
BON-dataset\Oxford\Oxford_4\8typeset.MP4,13
BON-dataset\Oxford\Oxford_4\8walk.MP4,14
BON-dataset\Oxford\Oxford_4\8whiteboard.MP4,16
BON-dataset\Oxford\Oxford_4\8write.MP4,17
BON-dataset\Oxford\Oxford_4\9chat.MP4,0
BON-dataset\Oxford\Oxford_4\9machine.MP4,4
BON-dataset\Oxford\Oxford_4\9microwave.MP4,5
BON-dataset\Oxford\Oxford_4\9mobile.MP4,6
BON-dataset\Oxford\Oxford_4\9paper.MP4,7
BON-dataset\Oxford\Oxford_4\9read.MP4,9
BON-dataset\Oxford\Oxford_4\9typeset.MP4,13
BON-dataset\Oxford\Oxford_4\9walk.MP4,14
BON-dataset\Oxford\Oxford_4\9whiteboard.MP4,16
BON-dataset\Oxford\Oxford_4\9write.MP4,17
BON-dataset\Oxford\Oxford_5\0chat.MP4,0
BON-dataset\Oxford\Oxford_5\0clean.MP4,1
BON-dataset\Oxford\Oxford_5\0drink.MP4,2
BON-dataset\Oxford\Oxford_5\0dry.MP4,3
BON-dataset\Oxford\Oxford_5\0machine.MP4,4
BON-dataset\Oxford\Oxford_5\0microwave-2.MP4,5
BON-dataset\Oxford\Oxford_5\0microwave.MP4,5
BON-dataset\Oxford\Oxford_5\0mobile.MP4,6
BON-dataset\Oxford\Oxford_5\0paper.MP4,7
BON-dataset\Oxford\Oxford_5\0print.MP4,8
BON-dataset\Oxford\Oxford_5\0read.MP4,9
BON-dataset\Oxford\Oxford_5\0shake.MP4,10
BON-dataset\Oxford\Oxford_5\0staple.MP4,11
BON-dataset\Oxford\Oxford_5\0take.MP4,12
BON-dataset\Oxford\Oxford_5\0typeset.MP4,13
BON-dataset\Oxford\Oxford_5\0walk.MP4,14
BON-dataset\Oxford\Oxford_5\0wash-2.MP4,15
BON-dataset\Oxford\Oxford_5\0whiteboard.MP4,16
BON-dataset\Oxford\Oxford_5\0write.MP4,17
BON-dataset\Oxford\Oxford_5\10chat.MP4,0
BON-dataset\Oxford\Oxford_5\10drink.MP4,2
BON-dataset\Oxford\Oxford_5\10machine.MP4,4
BON-dataset\Oxford\Oxford_5\10microwave-2.MP4,5
BON-dataset\Oxford\Oxford_5\10paper.MP4,7
BON-dataset\Oxford\Oxford_5\10print.MP4,8
BON-dataset\Oxford\Oxford_5\10typeset.MP4,13
BON-dataset\Oxford\Oxford_5\10walk.MP4,14
BON-dataset\Oxford\Oxford_5\10wash.MP4,15
BON-dataset\Oxford\Oxford_5\10whiteboard.MP4,16
BON-dataset\Oxford\Oxford_5\10write.MP4,17
BON-dataset\Oxford\Oxford_5\11chat.MP4,0
BON-dataset\Oxford\Oxford_5\11machine.MP4,4
BON-dataset\Oxford\Oxford_5\11microwave-2.MP4,5
BON-dataset\Oxford\Oxford_5\11print.MP4,8
BON-dataset\Oxford\Oxford_5\11typeset.MP4,13
BON-dataset\Oxford\Oxford_5\11walk.MP4,14
BON-dataset\Oxford\Oxford_5\11wash.MP4,15
BON-dataset\Oxford\Oxford_5\11whiteboard.MP4,16
BON-dataset\Oxford\Oxford_5\11write.MP4,17
BON-dataset\Oxford\Oxford_5\12chat.MP4,0
BON-dataset\Oxford\Oxford_5\12machine.MP4,4
BON-dataset\Oxford\Oxford_5\12microwave-2.MP4,5
BON-dataset\Oxford\Oxford_5\12print.MP4,8
BON-dataset\Oxford\Oxford_5\12typeset.MP4,13
BON-dataset\Oxford\Oxford_5\12walk.MP4,14
BON-dataset\Oxford\Oxford_5\12whiteboard.MP4,16
BON-dataset\Oxford\Oxford_5\13chat.MP4,0
BON-dataset\Oxford\Oxford_5\13machine.MP4,4
BON-dataset\Oxford\Oxford_5\13microwave-2.MP4,5
BON-dataset\Oxford\Oxford_5\13typeset.MP4,13
BON-dataset\Oxford\Oxford_5\13walk.MP4,14
BON-dataset\Oxford\Oxford_5\13whiteboard.MP4,16
BON-dataset\Oxford\Oxford_5\14machine.MP4,4
BON-dataset\Oxford\Oxford_5\14microwave-2.MP4,5
BON-dataset\Oxford\Oxford_5\14walk.MP4,14
BON-dataset\Oxford\Oxford_5\15machine.MP4,4
BON-dataset\Oxford\Oxford_5\15microwave-2.MP4,5
BON-dataset\Oxford\Oxford_5\16machine.MP4,4
BON-dataset\Oxford\Oxford_5\16microwave-2.MP4,5
BON-dataset\Oxford\Oxford_5\1chat.MP4,0
BON-dataset\Oxford\Oxford_5\1clean.MP4,1
BON-dataset\Oxford\Oxford_5\1drink.MP4,2
BON-dataset\Oxford\Oxford_5\1dry.MP4,3
BON-dataset\Oxford\Oxford_5\1machine.MP4,4
BON-dataset\Oxford\Oxford_5\1microwave-2.MP4,5
BON-dataset\Oxford\Oxford_5\1microwave.MP4,5
BON-dataset\Oxford\Oxford_5\1mobile.MP4,6
BON-dataset\Oxford\Oxford_5\1paper.MP4,7
BON-dataset\Oxford\Oxford_5\1print.MP4,8
BON-dataset\Oxford\Oxford_5\1read.MP4,9
BON-dataset\Oxford\Oxford_5\1shake.MP4,10
BON-dataset\Oxford\Oxford_5\1staple.MP4,11
BON-dataset\Oxford\Oxford_5\1take.MP4,12
BON-dataset\Oxford\Oxford_5\1typeset.MP4,13
BON-dataset\Oxford\Oxford_5\1walk.MP4,14
BON-dataset\Oxford\Oxford_5\1wash-2.MP4,15
BON-dataset\Oxford\Oxford_5\1whiteboard.MP4,16
BON-dataset\Oxford\Oxford_5\1write.MP4,17
BON-dataset\Oxford\Oxford_5\2chat.MP4,0
BON-dataset\Oxford\Oxford_5\2clean.MP4,1
BON-dataset\Oxford\Oxford_5\2drink.MP4,2
BON-dataset\Oxford\Oxford_5\2dry.MP4,3
BON-dataset\Oxford\Oxford_5\2machine.MP4,4
BON-dataset\Oxford\Oxford_5\2microwave-2.MP4,5
BON-dataset\Oxford\Oxford_5\2mobile.MP4,6
BON-dataset\Oxford\Oxford_5\2paper.MP4,7
BON-dataset\Oxford\Oxford_5\2print.MP4,8
BON-dataset\Oxford\Oxford_5\2read.MP4,9
BON-dataset\Oxford\Oxford_5\2shake.MP4,10
BON-dataset\Oxford\Oxford_5\2staple.MP4,11
BON-dataset\Oxford\Oxford_5\2take.MP4,12
BON-dataset\Oxford\Oxford_5\2typeset.MP4,13
BON-dataset\Oxford\Oxford_5\2walk.MP4,14
BON-dataset\Oxford\Oxford_5\2wash-2.MP4,15
BON-dataset\Oxford\Oxford_5\2whiteboard.MP4,16
BON-dataset\Oxford\Oxford_5\2write.MP4,17
BON-dataset\Oxford\Oxford_5\3chat.MP4,0
BON-dataset\Oxford\Oxford_5\3clean.MP4,1
BON-dataset\Oxford\Oxford_5\3drink.MP4,2
BON-dataset\Oxford\Oxford_5\3dry.MP4,3
BON-dataset\Oxford\Oxford_5\3machine.MP4,4
BON-dataset\Oxford\Oxford_5\3microwave-2.MP4,5
BON-dataset\Oxford\Oxford_5\3mobile.MP4,6
BON-dataset\Oxford\Oxford_5\3paper.MP4,7
BON-dataset\Oxford\Oxford_5\3print.MP4,8
BON-dataset\Oxford\Oxford_5\3read.MP4,9
BON-dataset\Oxford\Oxford_5\3shake.MP4,10
BON-dataset\Oxford\Oxford_5\3staple.MP4,11
BON-dataset\Oxford\Oxford_5\3take.MP4,12
BON-dataset\Oxford\Oxford_5\3typeset.MP4,13
BON-dataset\Oxford\Oxford_5\3walk.MP4,14
BON-dataset\Oxford\Oxford_5\3wash-2.MP4,15
BON-dataset\Oxford\Oxford_5\3whiteboard.MP4,16
BON-dataset\Oxford\Oxford_5\3write.MP4,17
BON-dataset\Oxford\Oxford_5\4chat.MP4,0
BON-dataset\Oxford\Oxford_5\4clean.MP4,1
BON-dataset\Oxford\Oxford_5\4drink.MP4,2
BON-dataset\Oxford\Oxford_5\4dry.MP4,3
BON-dataset\Oxford\Oxford_5\4machine.MP4,4
BON-dataset\Oxford\Oxford_5\4microwave-2.MP4,5
BON-dataset\Oxford\Oxford_5\4mobile.MP4,6
BON-dataset\Oxford\Oxford_5\4paper.MP4,7
BON-dataset\Oxford\Oxford_5\4print.MP4,8
BON-dataset\Oxford\Oxford_5\4read.MP4,9
BON-dataset\Oxford\Oxford_5\4shake.MP4,10
BON-dataset\Oxford\Oxford_5\4staple.MP4,11
BON-dataset\Oxford\Oxford_5\4take.MP4,12
BON-dataset\Oxford\Oxford_5\4typeset.MP4,13
BON-dataset\Oxford\Oxford_5\4walk.MP4,14
BON-dataset\Oxford\Oxford_5\4wash-2.MP4,15
BON-dataset\Oxford\Oxford_5\4whiteboard.MP4,16
BON-dataset\Oxford\Oxford_5\4write.MP4,17
BON-dataset\Oxford\Oxford_5\5chat.MP4,0
BON-dataset\Oxford\Oxford_5\5clean.MP4,1
BON-dataset\Oxford\Oxford_5\5drink.MP4,2
BON-dataset\Oxford\Oxford_5\5dry.MP4,3
BON-dataset\Oxford\Oxford_5\5machine.MP4,4
BON-dataset\Oxford\Oxford_5\5microwave-2.MP4,5
BON-dataset\Oxford\Oxford_5\5mobile.MP4,6
BON-dataset\Oxford\Oxford_5\5paper.MP4,7
BON-dataset\Oxford\Oxford_5\5print.MP4,8
BON-dataset\Oxford\Oxford_5\5read.MP4,9
BON-dataset\Oxford\Oxford_5\5shake.MP4,10
BON-dataset\Oxford\Oxford_5\5staple.MP4,11
BON-dataset\Oxford\Oxford_5\5take.MP4,12
BON-dataset\Oxford\Oxford_5\5typeset.MP4,13
BON-dataset\Oxford\Oxford_5\5walk.MP4,14
BON-dataset\Oxford\Oxford_5\5wash-2.MP4,15
BON-dataset\Oxford\Oxford_5\5whiteboard.MP4,16
BON-dataset\Oxford\Oxford_5\5write.MP4,17
BON-dataset\Oxford\Oxford_5\6chat.MP4,0
BON-dataset\Oxford\Oxford_5\6clean.MP4,1
BON-dataset\Oxford\Oxford_5\6drink.MP4,2
BON-dataset\Oxford\Oxford_5\6dry.MP4,3
BON-dataset\Oxford\Oxford_5\6machine.MP4,4
BON-dataset\Oxford\Oxford_5\6microwave-2.MP4,5
BON-dataset\Oxford\Oxford_5\6mobile.MP4,6
BON-dataset\Oxford\Oxford_5\6paper.MP4,7
BON-dataset\Oxford\Oxford_5\6print.MP4,8
BON-dataset\Oxford\Oxford_5\6read.MP4,9
BON-dataset\Oxford\Oxford_5\6shake.MP4,10
BON-dataset\Oxford\Oxford_5\6staple.MP4,11
BON-dataset\Oxford\Oxford_5\6take.MP4,12
BON-dataset\Oxford\Oxford_5\6typeset.MP4,13
BON-dataset\Oxford\Oxford_5\6walk.MP4,14
BON-dataset\Oxford\Oxford_5\6wash-2.MP4,15
BON-dataset\Oxford\Oxford_5\6whiteboard.MP4,16
BON-dataset\Oxford\Oxford_5\6write.MP4,17
BON-dataset\Oxford\Oxford_5\7chat.MP4,0
BON-dataset\Oxford\Oxford_5\7clean.MP4,1
BON-dataset\Oxford\Oxford_5\7drink.MP4,2
BON-dataset\Oxford\Oxford_5\7dry.MP4,3
BON-dataset\Oxford\Oxford_5\7machine.MP4,4
BON-dataset\Oxford\Oxford_5\7microwave-2.MP4,5
BON-dataset\Oxford\Oxford_5\7mobile.MP4,6
BON-dataset\Oxford\Oxford_5\7paper.MP4,7
BON-dataset\Oxford\Oxford_5\7print.MP4,8
BON-dataset\Oxford\Oxford_5\7read.MP4,9
BON-dataset\Oxford\Oxford_5\7staple.MP4,11
BON-dataset\Oxford\Oxford_5\7take.MP4,12
BON-dataset\Oxford\Oxford_5\7typeset.MP4,13
BON-dataset\Oxford\Oxford_5\7walk.MP4,14
BON-dataset\Oxford\Oxford_5\7whiteboard.MP4,16
BON-dataset\Oxford\Oxford_5\7write.MP4,17
BON-dataset\Oxford\Oxford_5\8chat.MP4,0
BON-dataset\Oxford\Oxford_5\8clean.MP4,1
BON-dataset\Oxford\Oxford_5\8drink.MP4,2
BON-dataset\Oxford\Oxford_5\8dry.MP4,3
BON-dataset\Oxford\Oxford_5\8machine.MP4,4
BON-dataset\Oxford\Oxford_5\8microwave-2.MP4,5
BON-dataset\Oxford\Oxford_5\8mobile.MP4,6
BON-dataset\Oxford\Oxford_5\8paper.MP4,7
BON-dataset\Oxford\Oxford_5\8print.MP4,8
BON-dataset\Oxford\Oxford_5\8read.MP4,9
BON-dataset\Oxford\Oxford_5\8staple.MP4,11
BON-dataset\Oxford\Oxford_5\8typeset.MP4,13
BON-dataset\Oxford\Oxford_5\8walk.MP4,14
BON-dataset\Oxford\Oxford_5\8whiteboard.MP4,16
BON-dataset\Oxford\Oxford_5\8write.MP4,17
BON-dataset\Oxford\Oxford_5\9chat.MP4,0
BON-dataset\Oxford\Oxford_5\9clean.MP4,1
BON-dataset\Oxford\Oxford_5\9drink.MP4,2
BON-dataset\Oxford\Oxford_5\9machine.MP4,4
BON-dataset\Oxford\Oxford_5\9microwave-2.MP4,5
BON-dataset\Oxford\Oxford_5\9mobile.MP4,6
BON-dataset\Oxford\Oxford_5\9paper.MP4,7
BON-dataset\Oxford\Oxford_5\9print.MP4,8
BON-dataset\Oxford\Oxford_5\9read.MP4,9
BON-dataset\Oxford\Oxford_5\9typeset.MP4,13
BON-dataset\Oxford\Oxford_5\9walk.MP4,14
BON-dataset\Oxford\Oxford_5\9whiteboard.MP4,16
BON-dataset\Oxford\Oxford_5\9write.MP4,17
BON-dataset\Oxford\Oxford_6\0chat.MP4,0
BON-dataset\Oxford\Oxford_6\0clean.MP4,1
BON-dataset\Oxford\Oxford_6\0drink.MP4,2
BON-dataset\Oxford\Oxford_6\0dry-2.MP4,3
BON-dataset\Oxford\Oxford_6\0dry.MP4,3
BON-dataset\Oxford\Oxford_6\0machine.MP4,4
BON-dataset\Oxford\Oxford_6\0microwave.MP4,5
BON-dataset\Oxford\Oxford_6\0mobile.MP4,6
BON-dataset\Oxford\Oxford_6\0paper.MP4,7
BON-dataset\Oxford\Oxford_6\0print.MP4,8
BON-dataset\Oxford\Oxford_6\0read.MP4,9
BON-dataset\Oxford\Oxford_6\0shake.MP4,10
BON-dataset\Oxford\Oxford_6\0staple.MP4,11
BON-dataset\Oxford\Oxford_6\0take.MP4,12
BON-dataset\Oxford\Oxford_6\0typeset.MP4,13
BON-dataset\Oxford\Oxford_6\0walk.MP4,14
BON-dataset\Oxford\Oxford_6\0wash.MP4,15
BON-dataset\Oxford\Oxford_6\0whiteboard.MP4,16
BON-dataset\Oxford\Oxford_6\0write.MP4,17
BON-dataset\Oxford\Oxford_6\10chat.MP4,0
BON-dataset\Oxford\Oxford_6\10machine.MP4,4
BON-dataset\Oxford\Oxford_6\10microwave.MP4,5
BON-dataset\Oxford\Oxford_6\10mobile.MP4,6
BON-dataset\Oxford\Oxford_6\10paper.MP4,7
BON-dataset\Oxford\Oxford_6\10read.MP4,9
BON-dataset\Oxford\Oxford_6\10typeset.MP4,13
BON-dataset\Oxford\Oxford_6\10whiteboard.MP4,16
BON-dataset\Oxford\Oxford_6\10write.MP4,17
BON-dataset\Oxford\Oxford_6\11chat.MP4,0
BON-dataset\Oxford\Oxford_6\11mobile.MP4,6
BON-dataset\Oxford\Oxford_6\11paper.MP4,7
BON-dataset\Oxford\Oxford_6\11read.MP4,9
BON-dataset\Oxford\Oxford_6\11typeset.MP4,13
BON-dataset\Oxford\Oxford_6\11whiteboard.MP4,16
BON-dataset\Oxford\Oxford_6\11write.MP4,17
BON-dataset\Oxford\Oxford_6\12chat.MP4,0
BON-dataset\Oxford\Oxford_6\12mobile.MP4,6
BON-dataset\Oxford\Oxford_6\12read.MP4,9
BON-dataset\Oxford\Oxford_6\12typeset.MP4,13
BON-dataset\Oxford\Oxford_6\13mobile.MP4,6
BON-dataset\Oxford\Oxford_6\13read.MP4,9
BON-dataset\Oxford\Oxford_6\13typeset.MP4,13
BON-dataset\Oxford\Oxford_6\14mobile.MP4,6
BON-dataset\Oxford\Oxford_6\14read.MP4,9
BON-dataset\Oxford\Oxford_6\14typeset.MP4,13
BON-dataset\Oxford\Oxford_6\15typeset.MP4,13
BON-dataset\Oxford\Oxford_6\16typeset.MP4,13
BON-dataset\Oxford\Oxford_6\17typeset.MP4,13
BON-dataset\Oxford\Oxford_6\18typeset.MP4,13
BON-dataset\Oxford\Oxford_6\19typeset.MP4,13
BON-dataset\Oxford\Oxford_6\1chat.MP4,0
BON-dataset\Oxford\Oxford_6\1clean.MP4,1
BON-dataset\Oxford\Oxford_6\1drink.MP4,2
BON-dataset\Oxford\Oxford_6\1dry-2.MP4,3
BON-dataset\Oxford\Oxford_6\1dry.MP4,3
BON-dataset\Oxford\Oxford_6\1machine.MP4,4
BON-dataset\Oxford\Oxford_6\1microwave.MP4,5
BON-dataset\Oxford\Oxford_6\1mobile.MP4,6
BON-dataset\Oxford\Oxford_6\1paper.MP4,7
BON-dataset\Oxford\Oxford_6\1print.MP4,8
BON-dataset\Oxford\Oxford_6\1read.MP4,9
BON-dataset\Oxford\Oxford_6\1shake.MP4,10
BON-dataset\Oxford\Oxford_6\1staple.MP4,11
BON-dataset\Oxford\Oxford_6\1take.MP4,12
BON-dataset\Oxford\Oxford_6\1typeset.MP4,13
BON-dataset\Oxford\Oxford_6\1walk.MP4,14
BON-dataset\Oxford\Oxford_6\1wash.MP4,15
BON-dataset\Oxford\Oxford_6\1whiteboard.MP4,16
BON-dataset\Oxford\Oxford_6\1write.MP4,17
BON-dataset\Oxford\Oxford_6\20typeset.MP4,13
BON-dataset\Oxford\Oxford_6\2chat.MP4,0
BON-dataset\Oxford\Oxford_6\2clean.MP4,1
BON-dataset\Oxford\Oxford_6\2drink.MP4,2
BON-dataset\Oxford\Oxford_6\2dry-2.MP4,3
BON-dataset\Oxford\Oxford_6\2dry.MP4,3
BON-dataset\Oxford\Oxford_6\2machine.MP4,4
BON-dataset\Oxford\Oxford_6\2microwave.MP4,5
BON-dataset\Oxford\Oxford_6\2mobile.MP4,6
BON-dataset\Oxford\Oxford_6\2paper.MP4,7
BON-dataset\Oxford\Oxford_6\2print.MP4,8
BON-dataset\Oxford\Oxford_6\2read.MP4,9
BON-dataset\Oxford\Oxford_6\2shake.MP4,10
BON-dataset\Oxford\Oxford_6\2staple.MP4,11
BON-dataset\Oxford\Oxford_6\2take.MP4,12
BON-dataset\Oxford\Oxford_6\2typeset.MP4,13
BON-dataset\Oxford\Oxford_6\2walk.MP4,14
BON-dataset\Oxford\Oxford_6\2wash.MP4,15
BON-dataset\Oxford\Oxford_6\2whiteboard.MP4,16
BON-dataset\Oxford\Oxford_6\2write.MP4,17
BON-dataset\Oxford\Oxford_6\3chat.MP4,0
BON-dataset\Oxford\Oxford_6\3clean.MP4,1
BON-dataset\Oxford\Oxford_6\3drink.MP4,2
BON-dataset\Oxford\Oxford_6\3dry-2.MP4,3
BON-dataset\Oxford\Oxford_6\3dry.MP4,3
BON-dataset\Oxford\Oxford_6\3machine.MP4,4
BON-dataset\Oxford\Oxford_6\3microwave.MP4,5
BON-dataset\Oxford\Oxford_6\3mobile.MP4,6
BON-dataset\Oxford\Oxford_6\3paper.MP4,7
BON-dataset\Oxford\Oxford_6\3print.MP4,8
BON-dataset\Oxford\Oxford_6\3read.MP4,9
BON-dataset\Oxford\Oxford_6\3shake.MP4,10
BON-dataset\Oxford\Oxford_6\3take.MP4,12
BON-dataset\Oxford\Oxford_6\3typeset.MP4,13
BON-dataset\Oxford\Oxford_6\3walk.MP4,14
BON-dataset\Oxford\Oxford_6\3wash.MP4,15
BON-dataset\Oxford\Oxford_6\3whiteboard.MP4,16
BON-dataset\Oxford\Oxford_6\3write.MP4,17
BON-dataset\Oxford\Oxford_6\4chat.MP4,0
BON-dataset\Oxford\Oxford_6\4clean.MP4,1
BON-dataset\Oxford\Oxford_6\4drink.MP4,2
BON-dataset\Oxford\Oxford_6\4dry.MP4,3
BON-dataset\Oxford\Oxford_6\4machine.MP4,4
BON-dataset\Oxford\Oxford_6\4microwave.MP4,5
BON-dataset\Oxford\Oxford_6\4mobile.MP4,6
BON-dataset\Oxford\Oxford_6\4paper.MP4,7
BON-dataset\Oxford\Oxford_6\4print.MP4,8
BON-dataset\Oxford\Oxford_6\4read.MP4,9
BON-dataset\Oxford\Oxford_6\4shake.MP4,10
BON-dataset\Oxford\Oxford_6\4typeset.MP4,13
BON-dataset\Oxford\Oxford_6\4walk.MP4,14
BON-dataset\Oxford\Oxford_6\4wash.MP4,15
BON-dataset\Oxford\Oxford_6\4whiteboard.MP4,16
BON-dataset\Oxford\Oxford_6\4write.MP4,17
BON-dataset\Oxford\Oxford_6\5chat.MP4,0
BON-dataset\Oxford\Oxford_6\5clean.MP4,1
BON-dataset\Oxford\Oxford_6\5drink.MP4,2
BON-dataset\Oxford\Oxford_6\5machine.MP4,4
BON-dataset\Oxford\Oxford_6\5microwave.MP4,5
BON-dataset\Oxford\Oxford_6\5mobile.MP4,6
BON-dataset\Oxford\Oxford_6\5paper.MP4,7
BON-dataset\Oxford\Oxford_6\5read.MP4,9
BON-dataset\Oxford\Oxford_6\5shake.MP4,10
BON-dataset\Oxford\Oxford_6\5typeset.MP4,13
BON-dataset\Oxford\Oxford_6\5walk.MP4,14
BON-dataset\Oxford\Oxford_6\5wash.MP4,15
BON-dataset\Oxford\Oxford_6\5whiteboard.MP4,16
BON-dataset\Oxford\Oxford_6\5write.MP4,17
BON-dataset\Oxford\Oxford_6\6chat.MP4,0
BON-dataset\Oxford\Oxford_6\6drink.MP4,2
BON-dataset\Oxford\Oxford_6\6machine.MP4,4
BON-dataset\Oxford\Oxford_6\6microwave.MP4,5
BON-dataset\Oxford\Oxford_6\6mobile.MP4,6
BON-dataset\Oxford\Oxford_6\6paper.MP4,7
BON-dataset\Oxford\Oxford_6\6read.MP4,9
BON-dataset\Oxford\Oxford_6\6typeset.MP4,13
BON-dataset\Oxford\Oxford_6\6walk.MP4,14
BON-dataset\Oxford\Oxford_6\6wash.MP4,15
BON-dataset\Oxford\Oxford_6\6whiteboard.MP4,16
BON-dataset\Oxford\Oxford_6\6write.MP4,17
BON-dataset\Oxford\Oxford_6\7chat.MP4,0
BON-dataset\Oxford\Oxford_6\7drink.MP4,2
BON-dataset\Oxford\Oxford_6\7machine.MP4,4
BON-dataset\Oxford\Oxford_6\7microwave.MP4,5
BON-dataset\Oxford\Oxford_6\7mobile.MP4,6
BON-dataset\Oxford\Oxford_6\7paper.MP4,7
BON-dataset\Oxford\Oxford_6\7read.MP4,9
BON-dataset\Oxford\Oxford_6\7typeset.MP4,13
BON-dataset\Oxford\Oxford_6\7walk.MP4,14
BON-dataset\Oxford\Oxford_6\7whiteboard.MP4,16
BON-dataset\Oxford\Oxford_6\7write.MP4,17
BON-dataset\Oxford\Oxford_6\8chat.MP4,0
BON-dataset\Oxford\Oxford_6\8drink.MP4,2
BON-dataset\Oxford\Oxford_6\8machine.MP4,4
BON-dataset\Oxford\Oxford_6\8microwave.MP4,5
BON-dataset\Oxford\Oxford_6\8mobile.MP4,6
BON-dataset\Oxford\Oxford_6\8paper.MP4,7
BON-dataset\Oxford\Oxford_6\8read.MP4,9
BON-dataset\Oxford\Oxford_6\8typeset.MP4,13
BON-dataset\Oxford\Oxford_6\8walk.MP4,14
BON-dataset\Oxford\Oxford_6\8whiteboard.MP4,16
BON-dataset\Oxford\Oxford_6\8write.MP4,17
BON-dataset\Oxford\Oxford_6\9chat.MP4,0
BON-dataset\Oxford\Oxford_6\9drink.MP4,2
BON-dataset\Oxford\Oxford_6\9machine.MP4,4
BON-dataset\Oxford\Oxford_6\9microwave.MP4,5
BON-dataset\Oxford\Oxford_6\9mobile.MP4,6
BON-dataset\Oxford\Oxford_6\9paper.MP4,7
BON-dataset\Oxford\Oxford_6\9read.MP4,9
BON-dataset\Oxford\Oxford_6\9typeset.MP4,13
BON-dataset\Oxford\Oxford_6\9walk.MP4,14
BON-dataset\Oxford\Oxford_6\9whiteboard.MP4,16
BON-dataset\Oxford\Oxford_6\9write.MP4,17
BON-dataset\Oxford\Oxford_7\0chat.MP4,0
BON-dataset\Oxford\Oxford_7\0clean.MP4,1
BON-dataset\Oxford\Oxford_7\0drink.MP4,2
BON-dataset\Oxford\Oxford_7\0dry.MP4,3
BON-dataset\Oxford\Oxford_7\0machine.MP4,4
BON-dataset\Oxford\Oxford_7\0microwave.MP4,5
BON-dataset\Oxford\Oxford_7\0paper.MP4,7
BON-dataset\Oxford\Oxford_7\0print.MP4,8
BON-dataset\Oxford\Oxford_7\0read.MP4,9
BON-dataset\Oxford\Oxford_7\0shake.MP4,10
BON-dataset\Oxford\Oxford_7\0staple.MP4,11
BON-dataset\Oxford\Oxford_7\0take.MP4,12
BON-dataset\Oxford\Oxford_7\0typeset.MP4,13
BON-dataset\Oxford\Oxford_7\0walk.MP4,14
BON-dataset\Oxford\Oxford_7\0wash.MP4,15
BON-dataset\Oxford\Oxford_7\0whiteboard.MP4,16
BON-dataset\Oxford\Oxford_7\0write.MP4,17
BON-dataset\Oxford\Oxford_7\10chat.MP4,0
BON-dataset\Oxford\Oxford_7\10microwave.MP4,5
BON-dataset\Oxford\Oxford_7\10paper.MP4,7
BON-dataset\Oxford\Oxford_7\10typeset.MP4,13
BON-dataset\Oxford\Oxford_7\10whiteboard.MP4,16
BON-dataset\Oxford\Oxford_7\10write.MP4,17
BON-dataset\Oxford\Oxford_7\11microwave.MP4,5
BON-dataset\Oxford\Oxford_7\11paper.MP4,7
BON-dataset\Oxford\Oxford_7\11typeset.MP4,13
BON-dataset\Oxford\Oxford_7\11write.MP4,17
BON-dataset\Oxford\Oxford_7\12microwave.MP4,5
BON-dataset\Oxford\Oxford_7\12paper.MP4,7
BON-dataset\Oxford\Oxford_7\12typeset.MP4,13
BON-dataset\Oxford\Oxford_7\12write.MP4,17
BON-dataset\Oxford\Oxford_7\13microwave.MP4,5
BON-dataset\Oxford\Oxford_7\13paper.MP4,7
BON-dataset\Oxford\Oxford_7\13typeset.MP4,13
BON-dataset\Oxford\Oxford_7\13write.MP4,17
BON-dataset\Oxford\Oxford_7\14microwave.MP4,5
BON-dataset\Oxford\Oxford_7\15microwave.MP4,5
BON-dataset\Oxford\Oxford_7\1chat.MP4,0
BON-dataset\Oxford\Oxford_7\1clean.MP4,1
BON-dataset\Oxford\Oxford_7\1drink.MP4,2
BON-dataset\Oxford\Oxford_7\1dry.MP4,3
BON-dataset\Oxford\Oxford_7\1machine.MP4,4
BON-dataset\Oxford\Oxford_7\1microwave.MP4,5
BON-dataset\Oxford\Oxford_7\1paper.MP4,7
BON-dataset\Oxford\Oxford_7\1print.MP4,8
BON-dataset\Oxford\Oxford_7\1read.MP4,9
BON-dataset\Oxford\Oxford_7\1shake.MP4,10
BON-dataset\Oxford\Oxford_7\1staple.MP4,11
BON-dataset\Oxford\Oxford_7\1take.MP4,12
BON-dataset\Oxford\Oxford_7\1typeset.MP4,13
BON-dataset\Oxford\Oxford_7\1walk.MP4,14
BON-dataset\Oxford\Oxford_7\1wash.MP4,15
BON-dataset\Oxford\Oxford_7\1whiteboard.MP4,16
BON-dataset\Oxford\Oxford_7\1write.MP4,17
BON-dataset\Oxford\Oxford_7\2chat.MP4,0
BON-dataset\Oxford\Oxford_7\2clean.MP4,1
BON-dataset\Oxford\Oxford_7\2drink.MP4,2
BON-dataset\Oxford\Oxford_7\2dry.MP4,3
BON-dataset\Oxford\Oxford_7\2machine.MP4,4
BON-dataset\Oxford\Oxford_7\2microwave.MP4,5
BON-dataset\Oxford\Oxford_7\2paper.MP4,7
BON-dataset\Oxford\Oxford_7\2print.MP4,8
BON-dataset\Oxford\Oxford_7\2read.MP4,9
BON-dataset\Oxford\Oxford_7\2shake.MP4,10
BON-dataset\Oxford\Oxford_7\2staple.MP4,11
BON-dataset\Oxford\Oxford_7\2take.MP4,12
BON-dataset\Oxford\Oxford_7\2typeset.MP4,13
BON-dataset\Oxford\Oxford_7\2walk.MP4,14
BON-dataset\Oxford\Oxford_7\2wash.MP4,15
BON-dataset\Oxford\Oxford_7\2whiteboard.MP4,16
BON-dataset\Oxford\Oxford_7\2write.MP4,17
BON-dataset\Oxford\Oxford_7\3chat.MP4,0
BON-dataset\Oxford\Oxford_7\3clean.MP4,1
BON-dataset\Oxford\Oxford_7\3drink.MP4,2
BON-dataset\Oxford\Oxford_7\3dry.MP4,3
BON-dataset\Oxford\Oxford_7\3machine.MP4,4
BON-dataset\Oxford\Oxford_7\3microwave.MP4,5
BON-dataset\Oxford\Oxford_7\3paper.MP4,7
BON-dataset\Oxford\Oxford_7\3print.MP4,8
BON-dataset\Oxford\Oxford_7\3read.MP4,9
BON-dataset\Oxford\Oxford_7\3shake.MP4,10
BON-dataset\Oxford\Oxford_7\3staple.MP4,11
BON-dataset\Oxford\Oxford_7\3take.MP4,12
BON-dataset\Oxford\Oxford_7\3typeset.MP4,13
BON-dataset\Oxford\Oxford_7\3walk.MP4,14
BON-dataset\Oxford\Oxford_7\3wash.MP4,15
BON-dataset\Oxford\Oxford_7\3whiteboard.MP4,16
BON-dataset\Oxford\Oxford_7\3write.MP4,17
BON-dataset\Oxford\Oxford_7\4chat.MP4,0
BON-dataset\Oxford\Oxford_7\4clean.MP4,1
BON-dataset\Oxford\Oxford_7\4drink.MP4,2
BON-dataset\Oxford\Oxford_7\4dry.MP4,3
BON-dataset\Oxford\Oxford_7\4machine.MP4,4
BON-dataset\Oxford\Oxford_7\4microwave.MP4,5
BON-dataset\Oxford\Oxford_7\4paper.MP4,7
BON-dataset\Oxford\Oxford_7\4print.MP4,8
BON-dataset\Oxford\Oxford_7\4read.MP4,9
BON-dataset\Oxford\Oxford_7\4shake.MP4,10
BON-dataset\Oxford\Oxford_7\4staple.MP4,11
BON-dataset\Oxford\Oxford_7\4take.MP4,12
BON-dataset\Oxford\Oxford_7\4typeset.MP4,13
BON-dataset\Oxford\Oxford_7\4walk.MP4,14
BON-dataset\Oxford\Oxford_7\4wash.MP4,15
BON-dataset\Oxford\Oxford_7\4whiteboard.MP4,16
BON-dataset\Oxford\Oxford_7\4write.MP4,17
BON-dataset\Oxford\Oxford_7\5chat.MP4,0
BON-dataset\Oxford\Oxford_7\5clean.MP4,1
BON-dataset\Oxford\Oxford_7\5drink.MP4,2
BON-dataset\Oxford\Oxford_7\5dry.MP4,3
BON-dataset\Oxford\Oxford_7\5machine.MP4,4
BON-dataset\Oxford\Oxford_7\5microwave.MP4,5
BON-dataset\Oxford\Oxford_7\5paper.MP4,7
BON-dataset\Oxford\Oxford_7\5print.MP4,8
BON-dataset\Oxford\Oxford_7\5read.MP4,9
BON-dataset\Oxford\Oxford_7\5staple.MP4,11
BON-dataset\Oxford\Oxford_7\5take.MP4,12
BON-dataset\Oxford\Oxford_7\5typeset.MP4,13
BON-dataset\Oxford\Oxford_7\5walk.MP4,14
BON-dataset\Oxford\Oxford_7\5wash.MP4,15
BON-dataset\Oxford\Oxford_7\5whiteboard.MP4,16
BON-dataset\Oxford\Oxford_7\5write.MP4,17
BON-dataset\Oxford\Oxford_7\6chat.MP4,0
BON-dataset\Oxford\Oxford_7\6clean.MP4,1
BON-dataset\Oxford\Oxford_7\6drink.MP4,2
BON-dataset\Oxford\Oxford_7\6dry.MP4,3
BON-dataset\Oxford\Oxford_7\6machine.MP4,4
BON-dataset\Oxford\Oxford_7\6microwave.MP4,5
BON-dataset\Oxford\Oxford_7\6paper.MP4,7
BON-dataset\Oxford\Oxford_7\6read.MP4,9
BON-dataset\Oxford\Oxford_7\6take.MP4,12
BON-dataset\Oxford\Oxford_7\6typeset.MP4,13
BON-dataset\Oxford\Oxford_7\6walk.MP4,14
BON-dataset\Oxford\Oxford_7\6wash.MP4,15
BON-dataset\Oxford\Oxford_7\6whiteboard.MP4,16
BON-dataset\Oxford\Oxford_7\6write.MP4,17
BON-dataset\Oxford\Oxford_7\7chat.MP4,0
BON-dataset\Oxford\Oxford_7\7drink.MP4,2
BON-dataset\Oxford\Oxford_7\7dry.MP4,3
BON-dataset\Oxford\Oxford_7\7microwave.MP4,5
BON-dataset\Oxford\Oxford_7\7paper.MP4,7
BON-dataset\Oxford\Oxford_7\7read.MP4,9
BON-dataset\Oxford\Oxford_7\7take.MP4,12
BON-dataset\Oxford\Oxford_7\7typeset.MP4,13
BON-dataset\Oxford\Oxford_7\7walk.MP4,14
BON-dataset\Oxford\Oxford_7\7wash.MP4,15
BON-dataset\Oxford\Oxford_7\7whiteboard.MP4,16
BON-dataset\Oxford\Oxford_7\7write.MP4,17
BON-dataset\Oxford\Oxford_7\8chat.MP4,0
BON-dataset\Oxford\Oxford_7\8drink.MP4,2
BON-dataset\Oxford\Oxford_7\8microwave.MP4,5
BON-dataset\Oxford\Oxford_7\8paper.MP4,7
BON-dataset\Oxford\Oxford_7\8typeset.MP4,13
BON-dataset\Oxford\Oxford_7\8walk.MP4,14
BON-dataset\Oxford\Oxford_7\8wash.MP4,15
BON-dataset\Oxford\Oxford_7\8whiteboard.MP4,16
BON-dataset\Oxford\Oxford_7\8write.MP4,17
BON-dataset\Oxford\Oxford_7\9chat.MP4,0
BON-dataset\Oxford\Oxford_7\9drink.MP4,2
BON-dataset\Oxford\Oxford_7\9microwave.MP4,5
BON-dataset\Oxford\Oxford_7\9paper.MP4,7
BON-dataset\Oxford\Oxford_7\9typeset.MP4,13
BON-dataset\Oxford\Oxford_7\9walk.MP4,14
BON-dataset\Oxford\Oxford_7\9whiteboard.MP4,16
BON-dataset\Oxford\Oxford_7\9write.MP4,17
